--
-- Scripts de Poblamiento de la Base de Datos  - SGBD PostgreSQL
--
-- Todas las instrucciones se DEBEN EJECUTAR EN SECUENCIA SIN ERRORES
-- NOTA: Ojo con los insert en tablas relacionadas. Primero las independientes y después las dependientes
--

--
-- Poblamiento de las tablas según especificaciones del ítem 3 y los Anexos: A, B, C y D
-- 
-- =============================================================================
-- Script 03 — INSERT (poblamiento)
-- Proyecto  : Red Social Universitaria
-- Temporada : Enero – Mayo 2026
-- =============================================================================


BEGIN;

-- ---------------------------------------------------------------------------
-- 1. roles (4)
-- ---------------------------------------------------------------------------
INSERT INTO roles (id_rol, nombre_rol, descripcion) VALUES
  (1, 'administrador', 'Gestiona la configuración global y los usuarios en el BackOffice'),
  (2, 'auxiliar',      'Apoya las operaciones administrativas en el BackOffice'),
  (3, 'miembro',       'Participa en todas las actividades de la red social'),
  (4, 'visitante',     'Acceso restringido, usuario en período de evaluación');
SELECT setval('roles_id_rol_seq', 4);

-- ---------------------------------------------------------------------------
-- 2. tipos_usuario (9)
-- ---------------------------------------------------------------------------
INSERT INTO tipos_usuario (id_tipo_usuario, nombre_tipo, descripcion) VALUES
  (1, 'estudiante',    'Estudiante activo matriculado en algún programa académico'),
  (2, 'docente',       'Profesor o instructor vinculado a la institución'),
  (3, 'egresado',      'Graduado de cualquier programa de la institución'),
  (4, 'empleado',      'Personal administrativo u operativo activo'),
  (5, 'empresario',    'Representante de una empresa externa aliada'),
  (6, 'ex_empleado',   'Personal que ya no tiene vínculo laboral activo'),
  (7, 'ex_estudiante', 'Estudiante que abandonó el programa sin graduarse'),
  (8, 'ex_docente',    'Docente retirado o con contrato finalizado'),
  (9, 'guest',         'Invitado externo con acceso temporal y limitado');
SELECT setval('tipos_usuario_id_tipo_usuario_seq', 9);

-- ---------------------------------------------------------------------------
-- 3. tipos_evento (20)
-- ---------------------------------------------------------------------------
INSERT INTO tipos_evento (nombre_tipo) VALUES
  ('congreso'),
  ('conferencia'),
  ('taller'),
  ('seminario'),
  ('feria_tecnologica'),
  ('deportivo'),
  ('cultural'),
  ('hackathon'),
  ('simposio'),
  ('foro'),
  ('concierto'),
  ('feria_laboral'),
  ('olimpiada'),
  ('encuentro'),
  ('clausura'),
  ('jornada_bienestar'),
  ('expoproyectos'),
  ('induccion'),
  ('maratonprogramacion'),
  ('festival');

-- ---------------------------------------------------------------------------
-- 4. tipos_producto (20)
-- ---------------------------------------------------------------------------
INSERT INTO tipos_producto (nombre_tipo) VALUES
  ('libro_texto'),
  ('portatil'),
  ('telefono_movil'),
  ('tablet'),
  ('articulo_deportivo'),
  ('uniforme_institucional'),
  ('accesorio_tecnico'),
  ('instrumento_musical'),
  ('calzado_deportivo'),
  ('mochila'),
  ('material_laboratorio'),
  ('herramienta_taller'),
  ('electrodomestico'),
  ('videojuego'),
  ('bicicleta'),
  ('auriculares'),
  ('camara_fotografica'),
  ('suplemento_alimenticio'),
  ('papeleria'),
  ('ropa_casual');

-- ---------------------------------------------------------------------------
-- 5. tipos_servicio (20)
-- ---------------------------------------------------------------------------
INSERT INTO tipos_servicio (nombre_tipo) VALUES
  ('asesoria_academica'),
  ('tutoria_matematicas'),
  ('tutoria_ingles'),
  ('diseno_grafico'),
  ('desarrollo_web'),
  ('reparacion_computadores'),
  ('fotografia_eventos'),
  ('traduccion_documentos'),
  ('clases_programacion'),
  ('asesoria_financiera'),
  ('elaboracion_tesis'),
  ('edicion_video'),
  ('impresion_3d'),
  ('soporte_tecnico'),
  ('clases_idiomas'),
  ('consultoria_empresarial'),
  ('diseno_ux_ui'),
  ('analisis_datos'),
  ('marketing_digital'),
  ('produccion_musical');

-- ---------------------------------------------------------------------------
-- 6. usuarios (500) — todo en español, correos @pascualbravo.edu.co
-- ---------------------------------------------------------------------------
INSERT INTO usuarios
  (id_usuario,id_rol,id_tipo_usuario,nombre,apellido,correo,
   telefono,fecha_nacimiento,sexo,fecha_registro,activo)
VALUES
  (1,3,1,'Steven','Valencia Obando','steven.valencia0001@pascualbravo.edu.co','3168571795','2004-09-04','masculino','2026-04-09 18:12:16',TRUE),
  (2,3,1,'Nathalia','Reyes Nieto','nathalia.reyes0002@pascualbravo.edu.co','3254318698','2004-06-22','femenino','2026-02-01 23:57:19',TRUE),
  (3,3,1,'Ricardo','Cárdenas Holguín','ricardo.cardenas0003@pascualbravo.edu.co','3260888017','1990-10-19','masculino','2026-03-19 12:35:53',TRUE),
  (4,3,1,'Duván','Giraldo Posada','duvan.giraldo0004@pascualbravo.edu.co','3138682516','2001-08-26','masculino','2026-02-13 21:05:18',TRUE),
  (5,3,2,'Camilo','Ruiz Ríos','camilo.ruiz0005@pascualbravo.edu.co','3013278320','1986-04-16','masculino','2026-01-19 14:26:56',TRUE),
  (6,3,7,'Mariana','Medina Sierra','mariana.medina0006@pascualbravo.edu.co',NULL,'1985-02-25','femenino','2026-04-19 07:11:51',TRUE),
  (7,3,3,'Camilo','Ramírez Cifuentes','camilo.ramirez0007@pascualbravo.edu.co',NULL,'1999-11-17','masculino','2026-03-23 14:39:52',TRUE),
  (8,3,1,'Marcela','Suárez Lozano','marcela.suarez0008@pascualbravo.edu.co','3170407340','1993-04-27','femenino','2026-03-12 16:31:40',TRUE),
  (9,3,1,'Alejandra','Mendoza Patiño','alejandra.mendoza0009@pascualbravo.edu.co','3220814950','1989-03-08','femenino','2026-04-09 22:09:45',TRUE),
  (10,3,1,'Rodrigo','Cardona Correa','rodrigo.cardona0010@pascualbravo.edu.co','3162274692','2003-12-01','masculino','2026-04-08 15:00:22',TRUE),
  (11,3,2,'Viviana','Arango Arias','viviana.arango0011@pascualbravo.edu.co','3075529051','1992-05-14','femenino','2026-05-05 00:24:21',TRUE),
  (12,3,5,'Carolina','Torres Caro','carolina.torres0012@pascualbravo.edu.co','3189442503','2003-11-01','femenino','2026-01-22 20:27:08',TRUE),
  (13,3,1,'Mauricio','Morales Cifuentes','mauricio.morales0013@pascualbravo.edu.co','3147346970','1998-05-27','masculino','2026-01-21 15:01:47',TRUE),
  (14,3,2,'Jorge','Martínez Bernal','jorge.martinez0014@pascualbravo.edu.co','3012735359','2004-03-08','masculino','2026-02-02 15:42:07',TRUE),
  (15,3,6,'Patricia','Vargas Campos','patricia.vargas0015@pascualbravo.edu.co','3225372341','1990-05-04','femenino','2026-01-07 09:36:43',TRUE),
  (16,3,1,'Sara','García Calderón','sara.garcia0016@pascualbravo.edu.co','3242594692','1988-12-25','femenino','2026-03-19 21:38:51',TRUE),
  (17,3,8,'Martha','Arango Gallego','martha.arango0017@pascualbravo.edu.co','3077908907','2005-06-01','femenino','2026-04-18 15:06:27',TRUE),
  (18,3,3,'Diana','Valencia Naranjo','diana.valencia0018@pascualbravo.edu.co','3246249845','2004-09-25','femenino','2026-05-04 14:27:52',TRUE),
  (19,3,1,'Camila','Mendoza Forero','camila.mendoza0019@pascualbravo.edu.co','3186483924','2004-11-13','femenino','2026-03-28 00:31:54',TRUE),
  (20,3,1,'Julián','Murillo Vásquez','julian.murillo0020@pascualbravo.edu.co','3247080140','2002-01-17','masculino','2026-02-18 02:15:46',TRUE),
  (21,3,1,'Fabio','Aguilar Forero','fabio.aguilar0021@pascualbravo.edu.co','3049491631','1992-07-23','masculino','2026-03-04 09:42:37',TRUE),
  (22,3,1,'Fredy','Murillo Obando','fredy.murillo0022@pascualbravo.edu.co','3151154241','1993-04-04','masculino','2026-02-19 10:07:47',TRUE),
  (23,3,1,'Santiago','Bedoya Vásquez','santiago.bedoya0023@pascualbravo.edu.co','3290099897','1994-02-27','masculino','2026-02-19 09:14:23',FALSE),
  (24,3,1,'Milena','Martínez Correa','milena.martinez0024@pascualbravo.edu.co','3226948946','2005-08-04','femenino','2026-01-04 18:18:30',TRUE),
  (25,4,2,'Jhonatan','Bedoya González','jhonatan.bedoya0025@pascualbravo.edu.co','3176001106','1987-10-21','otro','2026-01-14 04:09:51',TRUE),
  (26,3,9,'Camilo','Cárdenas Henao','camilo.cardenas0026@pascualbravo.edu.co','3240291214','2001-07-15','otro','2026-04-24 09:55:37',TRUE),
  (27,3,1,'Wendy','Sánchez Pineda','wendy.sanchez0027@pascualbravo.edu.co','3198641164','1987-03-08','femenino','2026-02-14 17:04:10',TRUE),
  (28,3,4,'Lina','Martínez Ríos','lina.martinez0028@pascualbravo.edu.co','3170939053','1987-11-08','femenino','2026-03-09 20:37:42',TRUE),
  (29,3,2,'Esteban','Flores Vásquez','esteban.flores0029@pascualbravo.edu.co','3018004482','1990-05-20','masculino','2026-03-15 14:07:29',TRUE),
  (30,3,8,'Angélica','Arango Caballero','angelica.arango0030@pascualbravo.edu.co','3215350023','1998-12-11','femenino','2026-03-06 00:05:14',TRUE),
  (31,3,1,'Valentina','Mendoza Alzate','valentina.mendoza0031@pascualbravo.edu.co',NULL,'1990-08-17','femenino','2026-04-24 08:11:37',TRUE),
  (32,3,4,'Gloria','Ospina Henao','gloria.ospina0032@pascualbravo.edu.co','3224039158','1990-06-14','otro','2026-05-07 09:42:25',TRUE),
  (33,3,1,'Mauricio','Díaz Posada','mauricio.diaz0033@pascualbravo.edu.co',NULL,'1997-09-27','masculino','2026-01-01 21:55:34',TRUE),
  (34,3,1,'Wendy','Aguilar Forero','wendy.aguilar0034@pascualbravo.edu.co','3045843681','2002-03-10','femenino','2026-04-23 22:31:07',TRUE),
  (35,3,4,'Paola','Ruiz Agudelo','paola.ruiz0035@pascualbravo.edu.co',NULL,'1998-02-08','femenino','2026-01-30 14:07:41',TRUE),
  (36,3,1,'Angélica','Mendoza Henao','angelica.mendoza0036@pascualbravo.edu.co','3142713008','1999-09-05','femenino','2026-04-09 06:58:38',TRUE),
  (37,3,1,'Milena','Cardona Patiño','milena.cardona0037@pascualbravo.edu.co','3245859307','1985-05-24','femenino','2026-03-18 18:37:42',TRUE),
  (38,3,5,'Martha','Murillo Agudelo','martha.murillo0038@pascualbravo.edu.co','3171115319','1995-04-23','femenino','2026-03-03 18:24:14',TRUE),
  (39,3,1,'Fabio','Ríos Mesa','fabio.rios0039@pascualbravo.edu.co','3230415230','2000-01-05','masculino','2026-05-09 18:21:55',TRUE),
  (40,3,1,'Rodrigo','Rodríguez Jaramillo','rodrigo.rodriguez0040@pascualbravo.edu.co','3230718012','1987-08-26','masculino','2026-03-09 10:39:44',TRUE),
  (41,3,1,'Edison','Ríos Posada','edison.rios0041@pascualbravo.edu.co','3182613940','1986-10-03','masculino','2026-03-02 20:43:58',TRUE),
  (42,3,1,'David','Sánchez Forero','david.sanchez0042@pascualbravo.edu.co','3113885234','1986-06-26','masculino','2026-01-15 09:22:23',TRUE),
  (43,3,1,'Nicolás','Vargas Naranjo','nicolas.vargas0043@pascualbravo.edu.co',NULL,'1997-10-22','masculino','2026-03-03 15:58:37',TRUE),
  (44,3,8,'Julián','Rodríguez Cifuentes','julian.rodriguez0044@pascualbravo.edu.co','3283363160','1990-02-15','masculino','2026-03-30 18:19:40',TRUE),
  (45,3,8,'Iván','Reyes Mesa','ivan.reyes0045@pascualbravo.edu.co','3041837210','1997-10-12','masculino','2026-03-17 22:18:01',TRUE),
  (46,3,3,'Edinson','López Campos','edinson.lopez0046@pascualbravo.edu.co','3140885967','2004-06-08','masculino','2026-02-18 19:16:43',TRUE),
  (47,3,1,'Juliana','Sánchez Castaño','juliana.sanchez0047@pascualbravo.edu.co','3114478111','2003-06-24','femenino','2026-02-03 02:58:18',TRUE),
  (48,3,4,'Edison','Parra Arenas','edison.parra0048@pascualbravo.edu.co','3132084778','1993-08-26','masculino','2026-03-17 23:55:21',TRUE),
  (49,3,2,'Esteban','Medina Agudelo','esteban.medina0049@pascualbravo.edu.co','3111868130','1993-09-04','masculino','2026-04-27 11:43:47',TRUE),
  (50,3,6,'Patricia','Sánchez Ríos','patricia.sanchez0050@pascualbravo.edu.co','3285350823','1995-10-08','femenino','2026-01-17 20:52:29',TRUE),
  (51,3,2,'Alejandro','Martínez Castaño','alejandro.martinez0051@pascualbravo.edu.co','3125585427','1988-04-18','masculino','2026-02-04 12:29:23',TRUE),
  (52,3,1,'Viviana','Salazar Jaramillo','viviana.salazar0052@pascualbravo.edu.co','3223290458','2000-10-14','femenino','2026-03-13 01:44:23',TRUE),
  (53,3,1,'Cristian','Sánchez Nieto','cristian.sanchez0053@pascualbravo.edu.co','3258140388','1986-07-09','masculino','2026-02-18 03:54:52',TRUE),
  (54,3,5,'Cindy','Gómez Correa','cindy.gomez0054@pascualbravo.edu.co','3026901217','2003-04-03','femenino','2026-02-23 18:13:52',TRUE),
  (55,3,1,'Steven','Rodríguez Vásquez','steven.rodriguez0055@pascualbravo.edu.co','3027447248','2002-05-26','masculino','2026-02-14 03:42:55',FALSE),
  (56,3,1,'Alejandra','Salazar Posada','alejandra.salazar0056@pascualbravo.edu.co',NULL,'1993-01-05','femenino','2026-04-18 16:07:47',TRUE),
  (57,3,1,'Duván','Sánchez Forero','duvan.sanchez0057@pascualbravo.edu.co','3215820356','2001-05-15','masculino','2026-01-08 01:30:54',TRUE),
  (58,3,9,'Luz','García Escobar','luz.garcia0058@pascualbravo.edu.co','3018815720','1989-05-20','femenino','2026-05-21 22:20:24',TRUE),
  (59,3,1,'Steven','Valencia Franco','steven.valencia0059@pascualbravo.edu.co','3097874085','2005-09-24','masculino','2026-02-25 13:28:56',TRUE),
  (60,3,1,'Edwin','Sánchez Posada','edwin.sanchez0060@pascualbravo.edu.co','3244210729','1996-03-22','masculino','2026-05-02 02:05:53',TRUE),
  (61,3,2,'Patricia','Torres Agudelo','patricia.torres0061@pascualbravo.edu.co',NULL,'2002-09-11','femenino','2026-02-01 13:22:55',TRUE),
  (62,3,1,'Andrea','Álvarez Campos','andrea.alvarez0062@pascualbravo.edu.co','3087566910','2001-04-05','femenino','2026-05-04 07:54:06',TRUE),
  (63,3,4,'Fernando','Mejía Ríos','fernando.mejia0063@pascualbravo.edu.co','3293446356','2004-11-21','masculino','2026-01-07 19:59:42',TRUE),
  (64,3,2,'Iván','Murillo Obando','ivan.murillo0064@pascualbravo.edu.co',NULL,'1989-10-22','masculino','2026-04-13 02:09:47',TRUE),
  (65,4,3,'Isabella','Ríos Henao','isabella.rios0065@pascualbravo.edu.co','3059667685','1994-12-11','femenino','2026-01-22 01:09:10',TRUE),
  (66,3,2,'Hernando','Valencia Caballero','hernando.valencia0066@pascualbravo.edu.co','3146663833','1991-09-04','masculino','2026-03-30 13:07:18',TRUE),
  (67,3,1,'Yolanda','Martínez Ríos','yolanda.martinez0067@pascualbravo.edu.co','3217352710','1985-04-10','femenino','2026-02-24 04:48:16',TRUE),
  (68,3,3,'Adriana','Castro Holguín','adriana.castro0068@pascualbravo.edu.co','3240884937','2001-09-27','femenino','2026-04-01 02:25:55',TRUE),
  (69,3,4,'Jorge','Cruz Alzate','jorge.cruz0069@pascualbravo.edu.co','3195918360','1998-05-04','masculino','2026-04-14 00:20:10',TRUE),
  (70,3,3,'Patricia','Pérez Gallego','patricia.perez0070@pascualbravo.edu.co','3068475513','2003-07-17','femenino','2026-01-21 12:55:19',TRUE),
  (71,3,1,'Natalia','Molina González','natalia.molina0071@pascualbravo.edu.co','3056892354','1996-12-27','femenino','2026-02-07 07:06:09',TRUE),
  (72,3,1,'Jorge','Castro Caballero','jorge.castro0072@pascualbravo.edu.co','3287774890','1999-11-19','masculino','2026-03-24 20:20:09',TRUE),
  (73,3,1,'Milena','Salazar Correa','milena.salazar0073@pascualbravo.edu.co','3051662236','1999-08-02','femenino','2026-01-15 11:53:18',TRUE),
  (74,3,1,'Wendy','Giraldo Botero','wendy.giraldo0074@pascualbravo.edu.co','3284399083','1986-08-26','femenino','2026-02-18 10:38:30',TRUE),
  (75,3,1,'Óscar','Pérez Botero','oscar.perez0075@pascualbravo.edu.co','3043251599','1999-08-17','masculino','2026-05-14 19:10:23',TRUE),
  (76,3,5,'Óscar','Giraldo Correa','oscar.giraldo0076@pascualbravo.edu.co','3254915875','1987-06-04','masculino','2026-04-09 09:16:46',TRUE),
  (77,3,7,'Diana','Murillo Escobar','diana.murillo0077@pascualbravo.edu.co','3056952151','1994-11-23','femenino','2026-04-11 04:38:45',TRUE),
  (78,3,7,'Óscar','Torres Arenas','oscar.torres0078@pascualbravo.edu.co',NULL,'1998-09-12','masculino','2026-01-05 11:19:11',TRUE),
  (79,3,5,'Sara','Jiménez Holguín','sara.jimenez0079@pascualbravo.edu.co','3123574883','2001-09-27','femenino','2026-05-15 01:42:21',TRUE),
  (80,3,8,'Diana','Vargas Naranjo','diana.vargas0080@pascualbravo.edu.co','3232218290','1999-01-14','femenino','2026-04-04 21:46:15',TRUE),
  (81,4,3,'Luz','Jiménez Arias','luz.jimenez0081@pascualbravo.edu.co','3136040410','1996-11-19','femenino','2026-04-23 14:49:18',TRUE),
  (82,4,1,'Felipe','Reyes Campos','felipe.reyes0082@pascualbravo.edu.co',NULL,'1993-01-21','masculino','2026-05-04 11:35:59',TRUE),
  (83,3,1,'Lina','Pérez Lozano','lina.perez0083@pascualbravo.edu.co','3229776801','1998-02-08','femenino','2026-04-26 11:59:01',TRUE),
  (84,3,6,'Jairo','Pérez Nieto','jairo.perez0084@pascualbravo.edu.co','3123298711','2005-06-26','masculino','2026-02-07 04:02:18',TRUE),
  (85,3,2,'Lorena','Suárez Caro','lorena.suarez0085@pascualbravo.edu.co',NULL,'1987-01-09','femenino','2026-02-25 04:35:46',TRUE),
  (86,3,6,'Alejandra','Ruiz González','alejandra.ruiz0086@pascualbravo.edu.co',NULL,'1998-11-26','femenino','2026-04-28 02:07:53',TRUE),
  (87,3,2,'Jhonatan','Mejía Sierra','jhonatan.mejia0087@pascualbravo.edu.co','3167611469','1985-10-12','masculino','2026-03-03 18:26:11',TRUE),
  (88,3,9,'Alejandro','Quintero Arias','alejandro.quintero0088@pascualbravo.edu.co','3284377016','1985-07-28','otro','2026-05-01 01:40:24',TRUE),
  (89,3,1,'Jorge','Ospina Sierra','jorge.ospina0089@pascualbravo.edu.co','3223913528','2003-12-25','masculino','2026-03-27 04:02:22',TRUE),
  (90,3,1,'Rodrigo','Bedoya Naranjo','rodrigo.bedoya0090@pascualbravo.edu.co','3071428713','1986-05-07','masculino','2026-01-12 06:56:02',TRUE),
  (91,3,1,'Edison','Bedoya Urrego','edison.bedoya0091@pascualbravo.edu.co',NULL,'2005-04-10','masculino','2026-04-02 01:55:41',TRUE),
  (92,3,3,'Harold','Suárez Mesa','harold.suarez0092@pascualbravo.edu.co','3076599269','2000-06-26','masculino','2026-05-13 08:51:05',TRUE),
  (93,3,1,'Laura','Arango Yepes','laura.arango0093@pascualbravo.edu.co','3054012664','1994-05-15','femenino','2026-04-20 05:44:28',TRUE),
  (94,3,7,'Martha','Zapata Gallego','martha.zapata0094@pascualbravo.edu.co','3020071854','2005-07-12','femenino','2026-05-12 23:43:10',TRUE),
  (95,3,1,'Luz','Martínez Holguín','luz.martinez0095@pascualbravo.edu.co',NULL,'2005-06-12','femenino','2026-04-09 18:02:38',TRUE),
  (96,3,3,'Hernando','García Alzate','hernando.garcia0096@pascualbravo.edu.co',NULL,'1996-07-11','masculino','2026-03-13 07:07:01',TRUE),
  (97,3,5,'Fredy','Ramírez Urrego','fredy.ramirez0097@pascualbravo.edu.co','3269897763','1991-10-10','masculino','2026-05-06 06:07:08',TRUE),
  (98,3,7,'Luz','Pérez Posada','luz.perez0098@pascualbravo.edu.co','3218715975','2002-09-10','femenino','2026-03-18 05:45:45',TRUE),
  (99,3,1,'Angélica','Jiménez González','angelica.jimenez0099@pascualbravo.edu.co','3041774192','2000-01-12','femenino','2026-04-05 14:51:35',TRUE),
  (100,3,1,'Harold','Bedoya Arenas','harold.bedoya0100@pascualbravo.edu.co','3187161840','1987-03-11','masculino','2026-01-19 14:29:43',TRUE),
  (101,3,1,'Marcela','Salazar Naranjo','marcela.salazar0101@pascualbravo.edu.co','3068065043','2001-01-27','femenino','2026-02-01 16:09:19',TRUE),
  (102,3,1,'Martha','Quintero Yepes','martha.quintero0102@pascualbravo.edu.co','3136347197','2005-09-09','femenino','2026-02-02 20:19:39',TRUE),
  (103,3,3,'Duván','Flores Lozano','duvan.flores0103@pascualbravo.edu.co','3291220369','1995-10-02','masculino','2026-01-08 02:02:41',TRUE),
  (104,3,4,'Edinson','Cardona Caro','edinson.cardona0104@pascualbravo.edu.co','3194176528','2002-05-21','masculino','2026-03-19 15:15:51',TRUE),
  (105,3,9,'Luis','Vargas Forero','luis.vargas0105@pascualbravo.edu.co','3137383505','1995-10-05','masculino','2026-03-22 22:20:46',TRUE),
  (106,3,1,'Cristian','Molina Agudelo','cristian.molina0106@pascualbravo.edu.co',NULL,'1992-08-04','masculino','2026-03-10 14:15:09',TRUE),
  (107,3,1,'Kevin','Cardona Sierra','kevin.cardona0107@pascualbravo.edu.co','3053947691','2003-12-11','masculino','2026-02-18 05:31:32',TRUE),
  (108,3,5,'Camila','Medina Botero','camila.medina0108@pascualbravo.edu.co','3038876195','2003-06-02','femenino','2026-01-13 09:31:38',TRUE),
  (109,3,1,'Edison','Rodríguez Franco','edison.rodriguez0109@pascualbravo.edu.co','3159093843','1997-06-02','masculino','2026-04-13 01:36:35',TRUE),
  (110,3,2,'Jhonatan','Suárez Agudelo','jhonatan.suarez0110@pascualbravo.edu.co','3292012822','1988-03-04','masculino','2026-04-11 11:50:21',TRUE),
  (111,3,2,'Steven','Molina Largo','steven.molina0111@pascualbravo.edu.co','3015222944','1989-12-11','masculino','2026-05-02 16:29:09',TRUE),
  (112,3,2,'Kevin','Cruz Lozano','kevin.cruz0112@pascualbravo.edu.co','3250162553','2003-06-17','masculino','2026-05-11 17:31:45',TRUE),
  (113,3,2,'Óscar','Ramírez Henao','oscar.ramirez0113@pascualbravo.edu.co','3294457912','1985-10-16','masculino','2026-03-09 20:50:49',TRUE),
  (114,3,1,'Fabio','Vargas Arenas','fabio.vargas0114@pascualbravo.edu.co','3261028283','1989-11-08','masculino','2026-01-09 18:44:07',TRUE),
  (115,3,9,'Edwin','Morales Henao','edwin.morales0115@pascualbravo.edu.co','3273297813','1986-12-05','masculino','2026-05-13 06:35:20',TRUE),
  (116,3,1,'Nicolás','Rincón Arias','nicolas.rincon0116@pascualbravo.edu.co','3196343485','1993-10-16','masculino','2026-02-19 07:17:35',TRUE),
  (117,3,4,'Edinson','Morales Caballero','edinson.morales0117@pascualbravo.edu.co','3185227370','1993-05-04','otro','2026-05-20 12:57:25',TRUE),
  (118,3,1,'Lina','Martínez Yepes','lina.martinez0118@pascualbravo.edu.co','3056488123','1999-11-09','femenino','2026-05-03 06:12:52',TRUE),
  (119,3,1,'Juliana','Sánchez Caro','juliana.sanchez0119@pascualbravo.edu.co','3042542167','1986-11-17','femenino','2026-02-27 20:14:03',TRUE),
  (120,3,2,'Alejandro','Rodríguez Agudelo','alejandro.rodriguez0120@pascualbravo.edu.co','3064614193','2005-08-16','masculino','2026-02-21 09:20:18',TRUE),
  (121,4,3,'Edinson','Jiménez Arias','edinson.jimenez0121@pascualbravo.edu.co','3033496796','1998-03-02','masculino','2026-04-12 15:11:59',TRUE),
  (122,3,7,'Juan','Rodríguez Zuluaga','juan.rodriguez0122@pascualbravo.edu.co','3054968591','1994-08-21','masculino','2026-05-20 16:31:56',TRUE),
  (123,3,1,'Diego','Ramírez Patiño','diego.ramirez0123@pascualbravo.edu.co','3197011385','1993-12-06','masculino','2026-01-04 23:21:50',TRUE),
  (124,3,1,'Kevin','Medina Gallego','kevin.medina0124@pascualbravo.edu.co','3063798927','1988-03-05','masculino','2026-05-03 10:59:15',TRUE),
  (125,3,1,'Fernando','Murillo Zuluaga','fernando.murillo0125@pascualbravo.edu.co','3211534878','1993-11-12','masculino','2026-03-02 01:42:07',TRUE),
  (126,3,1,'Yolanda','Ramírez Yepes','yolanda.ramirez0126@pascualbravo.edu.co','3039410942','1989-08-05','femenino','2026-04-27 23:38:23',TRUE),
  (127,3,1,'Edison','Morales Sierra','edison.morales0127@pascualbravo.edu.co','3220988446','2001-08-17','masculino','2026-04-03 02:58:36',TRUE),
  (128,3,2,'Sara','Mejía Arias','sara.mejia0128@pascualbravo.edu.co',NULL,'1995-09-15','femenino','2026-01-30 21:13:45',TRUE),
  (129,3,1,'Andrea','Rincón Holguín','andrea.rincon0129@pascualbravo.edu.co','3185686878','1986-09-15','femenino','2026-03-20 23:01:25',FALSE),
  (130,3,3,'Jorge','Martínez Gallego','jorge.martinez0130@pascualbravo.edu.co','3082633735','1986-02-16','masculino','2026-01-09 09:26:11',TRUE),
  (131,3,1,'Isabella','Parra Mesa','isabella.parra0131@pascualbravo.edu.co','3160418290','1987-11-22','otro','2026-05-19 04:41:55',TRUE),
  (132,2,4,'Tatiana','Torres Ríos','tatiana.torres0132@pascualbravo.edu.co','3050045602','1999-11-24','femenino','2026-05-20 13:34:24',TRUE),
  (133,3,1,'Fernando','Reyes González','fernando.reyes0133@pascualbravo.edu.co',NULL,'1998-10-25','masculino','2026-01-05 07:13:04',TRUE),
  (134,3,6,'Andrea','Hernández Castaño','andrea.hernandez0134@pascualbravo.edu.co','3082445335','1991-01-05','femenino','2026-05-09 09:14:52',TRUE),
  (135,3,5,'Gloria','Hernández Zuluaga','gloria.hernandez0135@pascualbravo.edu.co','3279961132','1992-07-10','femenino','2026-03-12 01:35:37',TRUE),
  (136,3,1,'Adriana','Cárdenas Caballero','adriana.cardenas0136@pascualbravo.edu.co',NULL,'1996-11-22','femenino','2026-04-08 16:20:44',TRUE),
  (137,3,1,'Edison','Bedoya Sierra','edison.bedoya0137@pascualbravo.edu.co','3129374563','1999-01-18','masculino','2026-04-16 13:35:33',TRUE),
  (138,3,1,'Miguel','Suárez Nieto','miguel.suarez0138@pascualbravo.edu.co',NULL,'1991-01-09','masculino','2026-04-07 21:38:38',TRUE),
  (139,3,6,'Jennifer','Cárdenas Pineda','jennifer.cardenas0139@pascualbravo.edu.co','3150693207','1985-04-07','femenino','2026-01-31 23:48:30',TRUE),
  (140,3,1,'Claudia','Hernández Agudelo','claudia.hernandez0140@pascualbravo.edu.co','3161091554','1999-09-21','femenino','2026-04-02 09:16:23',TRUE),
  (141,3,7,'Fabio','Cruz Pineda','fabio.cruz0141@pascualbravo.edu.co','3116135823','2003-04-24','masculino','2026-02-07 00:16:35',TRUE),
  (142,3,1,'Sebastián','Reyes Patiño','sebastian.reyes0142@pascualbravo.edu.co','3242981324','2000-09-21','masculino','2026-03-28 08:48:52',TRUE),
  (143,3,4,'Carolina','Vargas Obando','carolina.vargas0143@pascualbravo.edu.co','3283356206','2000-03-18','femenino','2026-01-16 16:02:53',TRUE),
  (144,3,2,'María','Cardona Holguín','maria.cardona0144@pascualbravo.edu.co','3019122502','1989-01-07','femenino','2026-05-10 14:23:03',TRUE),
  (145,3,1,'Lorena','Aguilar Bernal','lorena.aguilar0145@pascualbravo.edu.co',NULL,'2002-07-01','femenino','2026-01-05 16:46:17',TRUE),
  (146,3,1,'Adriana','Castro Franco','adriana.castro0146@pascualbravo.edu.co','3229984682','1992-04-20','femenino','2026-05-15 08:52:22',TRUE),
  (147,3,3,'Harold','Rincón Alzate','harold.rincon0147@pascualbravo.edu.co','3240314047','1994-11-27','masculino','2026-01-21 20:54:41',TRUE),
  (148,3,2,'Fredy','Bedoya Correa','fredy.bedoya0148@pascualbravo.edu.co','3233002714','1987-08-28','masculino','2026-04-22 20:50:21',TRUE),
  (149,3,6,'Wilmar','Martínez Ríos','wilmar.martinez0149@pascualbravo.edu.co','3286072480','2000-05-02','masculino','2026-01-20 21:59:17',TRUE),
  (150,3,1,'Mauricio','Gómez Pineda','mauricio.gomez0150@pascualbravo.edu.co','3263458386','1987-05-06','masculino','2026-03-03 18:53:54',TRUE),
  (151,3,2,'Alejandro','Pérez Botero','alejandro.perez0151@pascualbravo.edu.co','3117207013','1988-07-08','masculino','2026-01-20 10:38:49',TRUE),
  (152,3,2,'Valentina','Gómez Vásquez','valentina.gomez0152@pascualbravo.edu.co','3175847681','1992-06-18','otro','2026-04-07 13:11:43',TRUE),
  (153,3,1,'Lina','Hernández Duque','lina.hernandez0153@pascualbravo.edu.co',NULL,'1989-07-23','femenino','2026-02-09 23:24:20',TRUE),
  (154,3,1,'Luz','Parra Vásquez','luz.parra0154@pascualbravo.edu.co',NULL,'1987-03-14','femenino','2026-04-25 17:35:32',FALSE),
  (155,3,6,'Miguel','Giraldo Campos','miguel.giraldo0155@pascualbravo.edu.co','3111656329','1994-07-13','masculino','2026-01-22 23:57:35',TRUE),
  (156,3,1,'Paola','Ríos Lozano','paola.rios0156@pascualbravo.edu.co',NULL,'1994-05-16','femenino','2026-02-07 02:10:27',TRUE),
  (157,3,7,'Patricia','Díaz Sierra','patricia.diaz0157@pascualbravo.edu.co','3189699345','2004-04-15','femenino','2026-01-28 04:19:00',TRUE),
  (158,3,8,'Ángela','Suárez Patiño','angela.suarez0158@pascualbravo.edu.co','3289778067','1989-05-11','femenino','2026-02-21 15:20:11',TRUE),
  (159,3,2,'Jhon','Mejía Sierra','jhon.mejia0159@pascualbravo.edu.co','3162738860','1996-02-19','masculino','2026-02-21 18:34:11',TRUE),
  (160,3,1,'Carolina','Morales Forero','carolina.morales0160@pascualbravo.edu.co','3219282319','1998-11-16','femenino','2026-02-05 20:19:15',TRUE),
  (161,3,8,'Jairo','García Forero','jairo.garcia0161@pascualbravo.edu.co','3188147469','1997-09-17','masculino','2026-04-18 17:02:50',TRUE),
  (162,3,2,'Cindy','Pérez Franco','cindy.perez0162@pascualbravo.edu.co','3299213703','1996-03-21','femenino','2026-01-12 18:41:43',TRUE),
  (163,3,2,'Nelson','Sánchez Acosta','nelson.sanchez0163@pascualbravo.edu.co',NULL,'1992-09-24','masculino','2026-05-13 17:37:44',TRUE),
  (164,3,1,'Duván','Molina Jaramillo','duvan.molina0164@pascualbravo.edu.co','3074796438','1988-05-14','masculino','2026-01-22 03:53:46',TRUE),
  (165,3,1,'Santiago','Quintero Cano','santiago.quintero0165@pascualbravo.edu.co','3068809636','1999-06-03','masculino','2026-03-18 01:51:45',TRUE),
  (166,3,1,'Paola','Hernández Arenas','paola.hernandez0166@pascualbravo.edu.co','3054424679','2002-07-15','femenino','2026-03-01 12:40:11',TRUE),
  (167,3,5,'Kevin','Reyes Forero','kevin.reyes0167@pascualbravo.edu.co','3110597274','1991-04-09','masculino','2026-01-17 18:06:51',TRUE),
  (168,3,1,'Rodrigo','Ramírez Urrego','rodrigo.ramirez0168@pascualbravo.edu.co','3180828710','2005-06-20','masculino','2026-04-10 19:25:37',TRUE),
  (169,3,2,'Nicolás','Ruiz Caro','nicolas.ruiz0169@pascualbravo.edu.co','3227978165','1995-02-08','masculino','2026-03-20 03:11:23',TRUE),
  (170,3,1,'Alejandro','Mejía Mesa','alejandro.mejia0170@pascualbravo.edu.co','3195295586','2002-12-21','masculino','2026-02-14 17:10:31',TRUE),
  (171,3,2,'Wendy','López Obando','wendy.lopez0171@pascualbravo.edu.co','3128325379','1991-07-18','femenino','2026-05-10 20:31:26',TRUE),
  (172,3,1,'Mariana','Vargas Escobar','mariana.vargas0172@pascualbravo.edu.co','3049203644','1986-05-08','femenino','2026-05-18 09:10:49',TRUE),
  (173,3,1,'Marcela','Molina González','marcela.molina0173@pascualbravo.edu.co','3182894477','1996-09-27','femenino','2026-01-11 23:28:34',TRUE),
  (174,3,2,'Alejandra','Ruiz Castaño','alejandra.ruiz0174@pascualbravo.edu.co','3121674661','1999-02-25','femenino','2026-03-02 06:51:47',TRUE),
  (175,3,1,'Adriana','Vargas Caro','adriana.vargas0175@pascualbravo.edu.co',NULL,'1991-04-26','femenino','2026-01-16 18:22:34',TRUE),
  (176,3,5,'Ricardo','Álvarez Alzate','ricardo.alvarez0176@pascualbravo.edu.co','3222780905','1989-07-02','masculino','2026-03-12 20:08:44',TRUE),
  (177,3,2,'Alejandra','Medina Caballero','alejandra.medina0177@pascualbravo.edu.co',NULL,'2005-05-21','femenino','2026-04-17 12:28:04',TRUE),
  (178,3,2,'Jhonatan','Mendoza Nieto','jhonatan.mendoza0178@pascualbravo.edu.co','3153928023','2003-01-28','masculino','2026-01-24 23:29:40',TRUE),
  (179,3,1,'Edison','Medina Pineda','edison.medina0179@pascualbravo.edu.co','3076399516','1993-06-27','masculino','2026-03-14 10:35:36',TRUE),
  (180,3,9,'Andrea','Martínez Franco','andrea.martinez0180@pascualbravo.edu.co','3112185246','1988-03-15','femenino','2026-04-27 00:27:12',TRUE),
  (181,3,1,'Yolanda','Vargas Vásquez','yolanda.vargas0181@pascualbravo.edu.co',NULL,'1996-05-03','femenino','2026-04-06 21:57:41',TRUE),
  (182,3,1,'Esteban','Valencia Escobar','esteban.valencia0182@pascualbravo.edu.co','3038644905','2000-02-05','masculino','2026-02-27 16:43:28',TRUE),
  (183,3,5,'Adriana','Torres Cano','adriana.torres0183@pascualbravo.edu.co',NULL,'1997-02-24','femenino','2026-01-27 03:20:23',TRUE),
  (184,3,3,'Juliana','Flores Duque','juliana.flores0184@pascualbravo.edu.co','3091915661','2005-03-15','femenino','2026-03-31 23:13:40',TRUE),
  (185,3,1,'Luz','Morales Escobar','luz.morales0185@pascualbravo.edu.co','3026529882','2003-12-13','femenino','2026-03-31 13:20:50',TRUE),
  (186,3,1,'Fredy','Giraldo Campos','fredy.giraldo0186@pascualbravo.edu.co','3113600310','1994-04-17','masculino','2026-05-11 06:47:25',TRUE),
  (187,3,9,'Alejandra','Aguilar Mesa','alejandra.aguilar0187@pascualbravo.edu.co',NULL,'2000-11-20','femenino','2026-01-19 16:56:00',TRUE),
  (188,3,1,'Edinson','Cardona Nieto','edinson.cardona0188@pascualbravo.edu.co','3073218512','1987-01-19','masculino','2026-01-18 00:16:13',TRUE),
  (189,3,1,'Angélica','Álvarez Botero','angelica.alvarez0189@pascualbravo.edu.co','3163992760','1987-11-18','femenino','2026-05-18 19:09:17',TRUE),
  (190,3,1,'Diana','Arango Posada','diana.arango0190@pascualbravo.edu.co','3297219985','2005-02-10','femenino','2026-04-22 23:54:15',TRUE),
  (191,3,1,'Rodrigo','Zapata Campos','rodrigo.zapata0191@pascualbravo.edu.co',NULL,'1990-02-01','masculino','2026-02-05 22:00:10',TRUE),
  (192,3,1,'Vanessa','Vargas Nieto','vanessa.vargas0192@pascualbravo.edu.co',NULL,'1993-12-04','femenino','2026-01-08 10:51:27',TRUE),
  (193,3,1,'Liliana','García Caballero','liliana.garcia0193@pascualbravo.edu.co','3117440911','2000-10-06','femenino','2026-04-05 05:16:49',TRUE),
  (194,3,1,'Sofia','Molina Acosta','sofia.molina0194@pascualbravo.edu.co',NULL,'1985-04-02','femenino','2026-05-01 11:24:58',TRUE),
  (195,3,6,'Marcela','Cardona Ríos','marcela.cardona0195@pascualbravo.edu.co','3152940967','1993-02-19','femenino','2026-04-06 03:32:43',TRUE),
  (196,3,1,'Luisa','Medina Duque','luisa.medina0196@pascualbravo.edu.co','3151701149','1995-02-18','femenino','2026-04-27 00:23:12',TRUE),
  (197,3,1,'Alejandra','Rincón Nieto','alejandra.rincon0197@pascualbravo.edu.co','3136229153','2002-04-05','femenino','2026-01-02 13:01:14',TRUE),
  (198,3,8,'María','Murillo Acosta','maria.murillo0198@pascualbravo.edu.co','3151273379','1988-04-17','femenino','2026-03-02 13:31:03',TRUE),
  (199,3,1,'Juan','Jiménez Arenas','juan.jimenez0199@pascualbravo.edu.co','3171533194','1987-10-04','masculino','2026-05-10 04:40:52',TRUE),
  (200,3,1,'Alejandro','Hernández Yepes','alejandro.hernandez0200@pascualbravo.edu.co','3162741214','1995-06-15','masculino','2026-03-11 07:04:12',TRUE),
  (201,3,1,'David','Vargas Forero','david.vargas0201@pascualbravo.edu.co','3126205010','2002-06-25','masculino','2026-02-23 14:19:29',TRUE),
  (202,3,2,'Iván','Giraldo Castaño','ivan.giraldo0202@pascualbravo.edu.co','3129907683','1987-12-08','masculino','2026-04-02 12:32:03',TRUE),
  (203,3,4,'Luis','Medina Forero','luis.medina0203@pascualbravo.edu.co','3243534652','1988-08-04','otro','2026-02-05 03:00:03',TRUE),
  (204,3,4,'Harold','Parra Escobar','harold.parra0204@pascualbravo.edu.co','3120064609','1985-02-07','masculino','2026-04-24 04:05:57',TRUE),
  (205,3,6,'Rodrigo','López Lozano','rodrigo.lopez0205@pascualbravo.edu.co','3163015826','2000-01-13','masculino','2026-04-20 05:22:13',TRUE),
  (206,3,1,'Sebastián','Martínez Caro','sebastian.martinez0206@pascualbravo.edu.co','3096876236','1994-08-14','masculino','2026-05-21 15:03:05',TRUE),
  (207,3,1,'Wilmar','Hernández Arias','wilmar.hernandez0207@pascualbravo.edu.co','3158199211','2000-09-26','masculino','2026-05-05 11:58:36',TRUE),
  (208,3,2,'Mauricio','Giraldo Ríos','mauricio.giraldo0208@pascualbravo.edu.co',NULL,'1993-01-26','masculino','2026-05-01 16:22:49',TRUE),
  (209,3,9,'Camilo','Hernández Vásquez','camilo.hernandez0209@pascualbravo.edu.co','3217503932','1992-10-28','masculino','2026-04-10 11:59:53',TRUE),
  (210,3,9,'Mauricio','Ospina Calderón','mauricio.ospina0210@pascualbravo.edu.co',NULL,'1996-10-19','masculino','2026-02-06 18:12:53',TRUE),
  (211,3,1,'Yolanda','Castro Caballero','yolanda.castro0211@pascualbravo.edu.co',NULL,'1986-04-20','femenino','2026-02-26 00:33:30',TRUE),
  (212,3,5,'Alejandro','Murillo Naranjo','alejandro.murillo0212@pascualbravo.edu.co','3117993466','1985-03-19','masculino','2026-02-06 03:54:33',TRUE),
  (213,3,3,'Harold','Salazar Franco','harold.salazar0213@pascualbravo.edu.co','3128314232','1990-12-14','masculino','2026-05-05 20:20:11',TRUE),
  (214,3,1,'Wendy','Ospina Ríos','wendy.ospina0214@pascualbravo.edu.co','3060785855','1994-12-23','femenino','2026-03-17 04:11:46',TRUE),
  (215,3,1,'Liliana','Martínez Naranjo','liliana.martinez0215@pascualbravo.edu.co','3239648058','2005-10-04','femenino','2026-05-08 04:21:47',TRUE),
  (216,3,1,'Miguel','Murillo Forero','miguel.murillo0216@pascualbravo.edu.co',NULL,'1991-04-23','masculino','2026-01-18 11:16:50',FALSE),
  (217,3,2,'Edwin','Vargas Henao','edwin.vargas0217@pascualbravo.edu.co','3157141449','2002-07-04','masculino','2026-05-03 18:41:48',TRUE),
  (218,3,7,'Juan','Álvarez Bernal','juan.alvarez0218@pascualbravo.edu.co','3019959009','1995-03-13','masculino','2026-02-11 23:04:35',TRUE),
  (219,3,8,'Kevin','Bedoya Bernal','kevin.bedoya0219@pascualbravo.edu.co','3232145548','2004-07-06','masculino','2026-01-14 03:21:13',TRUE),
  (220,3,1,'Nathalia','Díaz Yepes','nathalia.diaz0220@pascualbravo.edu.co','3016661956','1997-10-18','femenino','2026-05-06 04:03:23',TRUE),
  (221,3,1,'Cindy','Bedoya Ochoa','cindy.bedoya0221@pascualbravo.edu.co',NULL,'1991-03-21','femenino','2026-03-16 02:30:54',TRUE),
  (222,3,1,'Julián','Pérez Arias','julian.perez0222@pascualbravo.edu.co','3161196706','1996-03-15','masculino','2026-01-12 08:28:29',TRUE),
  (223,3,1,'Diana','Sánchez Escobar','diana.sanchez0223@pascualbravo.edu.co','3265564347','2003-04-18','femenino','2026-01-16 12:52:33',TRUE),
  (224,3,1,'Lorena','Mejía Sierra','lorena.mejia0224@pascualbravo.edu.co','3062989744','1986-09-19','femenino','2026-05-13 18:43:39',TRUE),
  (225,3,1,'Felipe','Morales Ochoa','felipe.morales0225@pascualbravo.edu.co',NULL,'1998-02-22','masculino','2026-04-22 06:52:40',TRUE),
  (226,3,1,'Jorge','Pérez Mesa','jorge.perez0226@pascualbravo.edu.co','3253771998','1993-09-15','masculino','2026-01-04 22:39:37',TRUE),
  (227,3,5,'Sebastián','Mejía Calderón','sebastian.mejia0227@pascualbravo.edu.co','3024178065','2003-02-26','masculino','2026-03-15 17:56:22',TRUE),
  (228,3,5,'Liliana','Giraldo Cano','liliana.giraldo0228@pascualbravo.edu.co',NULL,'1993-07-05','femenino','2026-04-13 01:25:56',TRUE),
  (229,3,8,'Fabio','Mendoza Nieto','fabio.mendoza0229@pascualbravo.edu.co',NULL,'1994-05-09','masculino','2026-05-06 22:43:06',TRUE),
  (230,3,3,'Hernando','Cruz Vásquez','hernando.cruz0230@pascualbravo.edu.co','3296644900','1987-04-15','masculino','2026-02-24 13:47:31',TRUE),
  (231,3,4,'Angélica','Vargas Duque','angelica.vargas0231@pascualbravo.edu.co','3264141437','1989-09-19','femenino','2026-01-08 05:12:56',TRUE),
  (232,3,1,'Rodrigo','López Nieto','rodrigo.lopez0232@pascualbravo.edu.co','3159439358','1999-09-13','masculino','2026-02-01 21:01:15',TRUE),
  (233,3,2,'Fabio','Salazar Agudelo','fabio.salazar0233@pascualbravo.edu.co','3044716747','1987-05-01','masculino','2026-04-09 01:10:54',TRUE),
  (234,3,1,'Sofia','Morales Vásquez','sofia.morales0234@pascualbravo.edu.co','3212691381','1985-08-05','femenino','2026-02-14 19:51:00',TRUE),
  (235,3,1,'Milena','Valencia Mesa','milena.valencia0235@pascualbravo.edu.co','3143822694','1991-08-10','femenino','2026-05-14 19:25:37',TRUE),
  (236,3,1,'Patricia','Cárdenas Campos','patricia.cardenas0236@pascualbravo.edu.co','3124509544','2000-02-11','femenino','2026-03-12 20:20:55',TRUE),
  (237,3,1,'Yolanda','Reyes Jaramillo','yolanda.reyes0237@pascualbravo.edu.co','3017620167','2004-07-22','femenino','2026-03-23 21:08:46',TRUE),
  (238,3,4,'Edwin','Medina Mesa','edwin.medina0238@pascualbravo.edu.co','3286778235','1991-06-24','masculino','2026-02-26 21:34:40',TRUE),
  (239,3,4,'Angélica','Ruiz Lozano','angelica.ruiz0239@pascualbravo.edu.co','3234311643','1994-02-16','femenino','2026-02-02 23:16:46',TRUE),
  (240,3,5,'Óscar','Pérez Ríos','oscar.perez0240@pascualbravo.edu.co','3251216287','1998-06-12','masculino','2026-03-08 18:18:29',TRUE),
  (241,3,1,'Jennifer','Salazar Caro','jennifer.salazar0241@pascualbravo.edu.co',NULL,'1991-09-04','femenino','2026-04-08 16:19:26',TRUE),
  (242,3,9,'Diego','Murillo Henao','diego.murillo0242@pascualbravo.edu.co','3129223220','1995-12-06','masculino','2026-01-21 15:21:40',TRUE),
  (243,3,2,'Hernando','Mendoza Pineda','hernando.mendoza0243@pascualbravo.edu.co','3087346846','1990-08-26','masculino','2026-01-23 04:39:27',TRUE),
  (244,3,1,'Diana','Rodríguez Castaño','diana.rodriguez0244@pascualbravo.edu.co','3260076822','1985-06-25','otro','2026-05-16 06:01:43',TRUE),
  (245,3,1,'Pablo','Ruiz Holguín','pablo.ruiz0245@pascualbravo.edu.co',NULL,'2001-10-10','masculino','2026-02-12 02:52:02',TRUE),
  (246,3,4,'Cindy','Quintero Patiño','cindy.quintero0246@pascualbravo.edu.co','3227956913','1995-08-12','femenino','2026-02-18 05:58:58',FALSE),
  (247,3,1,'Alejandro','Morales Bernal','alejandro.morales0247@pascualbravo.edu.co','3026530521','1996-12-21','masculino','2026-01-10 12:56:40',TRUE),
  (248,3,1,'Luis','Sánchez Bernal','luis.sanchez0248@pascualbravo.edu.co',NULL,'1988-07-15','masculino','2026-04-08 03:35:16',TRUE),
  (249,3,1,'María','Ruiz Henao','maria.ruiz0249@pascualbravo.edu.co','3279834723','1993-10-20','femenino','2026-02-05 13:53:57',TRUE),
  (250,3,1,'Daniel','Sánchez Caballero','daniel.sanchez0250@pascualbravo.edu.co','3045298445','2001-04-12','masculino','2026-04-15 09:10:02',TRUE),
  (251,3,1,'Lorena','Murillo Sierra','lorena.murillo0251@pascualbravo.edu.co',NULL,'1987-02-27','femenino','2026-05-07 04:05:49',TRUE),
  (252,3,1,'Julián','Jiménez Cifuentes','julian.jimenez0252@pascualbravo.edu.co','3145450260','1999-01-04','masculino','2026-02-14 01:54:18',TRUE),
  (253,3,1,'Daniel','Sánchez Castaño','daniel.sanchez0253@pascualbravo.edu.co',NULL,'1989-11-21','masculino','2026-02-13 10:22:57',TRUE),
  (254,3,4,'Camila','Parra Patiño','camila.parra0254@pascualbravo.edu.co','3163720675','1999-05-27','femenino','2026-04-09 22:54:30',TRUE),
  (255,3,3,'Paula','Torres Correa','paula.torres0255@pascualbravo.edu.co','3023920137','1998-10-16','femenino','2026-04-23 05:39:24',TRUE),
  (256,3,1,'Juliana','Bedoya Caballero','juliana.bedoya0256@pascualbravo.edu.co',NULL,'1998-08-02','femenino','2026-01-17 08:41:20',TRUE),
  (257,3,1,'Liliana','Mejía Ríos','liliana.mejia0257@pascualbravo.edu.co','3255405943','2001-09-23','femenino','2026-01-25 13:42:46',TRUE),
  (258,3,5,'Sandra','Flores Agudelo','sandra.flores0258@pascualbravo.edu.co','3217323740','1985-11-06','femenino','2026-05-10 15:54:31',TRUE),
  (259,3,1,'Alejandra','Murillo Vásquez','alejandra.murillo0259@pascualbravo.edu.co',NULL,'1992-09-21','femenino','2026-04-07 12:52:15',TRUE),
  (260,3,1,'Camila','Aguilar Forero','camila.aguilar0260@pascualbravo.edu.co','3197694240','1985-02-13','femenino','2026-04-16 01:35:35',TRUE),
  (261,3,1,'Wendy','Ruiz Botero','wendy.ruiz0261@pascualbravo.edu.co','3271231190','1995-06-27','femenino','2026-01-14 07:54:29',TRUE),
  (262,3,1,'Patricia','Suárez González','patricia.suarez0262@pascualbravo.edu.co',NULL,'1992-01-11','femenino','2026-04-01 20:51:18',TRUE),
  (263,3,5,'Felipe','Aguilar Holguín','felipe.aguilar0263@pascualbravo.edu.co','3264923338','1988-05-20','masculino','2026-02-20 06:07:59',TRUE),
  (264,3,7,'Sara','Murillo Franco','sara.murillo0264@pascualbravo.edu.co','3094992096','2003-02-25','femenino','2026-04-26 14:42:37',TRUE),
  (265,3,1,'Tatiana','López Agudelo','tatiana.lopez0265@pascualbravo.edu.co','3274818030','2001-03-23','femenino','2026-02-14 23:52:08',TRUE),
  (266,3,1,'Gloria','Molina Mesa','gloria.molina0266@pascualbravo.edu.co','3243318046','1993-07-11','femenino','2026-03-17 14:51:08',TRUE),
  (267,3,2,'Angélica','Ruiz Agudelo','angelica.ruiz0267@pascualbravo.edu.co','3284300459','2005-04-07','femenino','2026-02-23 19:45:18',TRUE),
  (268,3,4,'Nicolás','Molina Arias','nicolas.molina0268@pascualbravo.edu.co','3125489430','1996-09-16','masculino','2026-04-17 21:47:57',TRUE),
  (269,3,4,'María','Quintero Franco','maria.quintero0269@pascualbravo.edu.co',NULL,'1989-01-22','femenino','2026-01-15 06:17:48',TRUE),
  (270,4,1,'Diana','López Yepes','diana.lopez0270@pascualbravo.edu.co','3214336089','1996-08-04','femenino','2026-02-27 23:41:35',TRUE),
  (271,3,4,'Lina','López Mesa','lina.lopez0271@pascualbravo.edu.co','3251963706','2002-01-01','femenino','2026-03-06 06:39:55',TRUE),
  (272,3,1,'Patricia','Salazar Arias','patricia.salazar0272@pascualbravo.edu.co','3035970823','1994-08-06','femenino','2026-01-20 05:11:47',TRUE),
  (273,3,1,'Fredy','Díaz Holguín','fredy.diaz0273@pascualbravo.edu.co','3110757677','1995-08-23','masculino','2026-02-09 01:09:59',TRUE),
  (274,3,1,'Wendy','Ruiz Caballero','wendy.ruiz0274@pascualbravo.edu.co','3258061434','1987-12-11','femenino','2026-05-15 07:11:33',TRUE),
  (275,3,1,'Edison','Medina Escobar','edison.medina0275@pascualbravo.edu.co','3099031246','1995-06-12','masculino','2026-03-17 06:48:39',TRUE),
  (276,3,7,'María','Ramírez Obando','maria.ramirez0276@pascualbravo.edu.co','3292369566','2004-04-02','femenino','2026-03-24 12:58:50',TRUE),
  (277,3,1,'Lina','Gómez Arenas','lina.gomez0277@pascualbravo.edu.co','3179029393','2001-08-16','femenino','2026-01-12 09:57:41',TRUE),
  (278,3,1,'Paola','Arango Arias','paola.arango0278@pascualbravo.edu.co',NULL,'1987-04-22','femenino','2026-02-24 21:27:53',TRUE),
  (279,3,1,'Adriana','García Jaramillo','adriana.garcia0279@pascualbravo.edu.co',NULL,'1995-01-03','femenino','2026-01-19 01:11:50',TRUE),
  (280,3,3,'Vanessa','Cardona Mesa','vanessa.cardona0280@pascualbravo.edu.co','3168119636','1995-01-13','femenino','2026-01-31 17:00:41',TRUE),
  (281,3,4,'Luisa','García Obando','luisa.garcia0281@pascualbravo.edu.co','3048901209','1994-10-03','femenino','2026-03-14 14:24:25',TRUE),
  (282,3,2,'Esteban','Torres Largo','esteban.torres0282@pascualbravo.edu.co','3249591339','2005-03-10','masculino','2026-04-06 00:35:55',TRUE),
  (283,3,2,'Steven','Medina Arias','steven.medina0283@pascualbravo.edu.co','3050894954','1991-12-24','masculino','2026-03-30 06:26:57',TRUE),
  (284,3,1,'Esteban','Zapata Urrego','esteban.zapata0284@pascualbravo.edu.co','3086140729','1986-09-15','masculino','2026-05-21 02:18:42',TRUE),
  (285,3,1,'Mariana','Murillo Obando','mariana.murillo0285@pascualbravo.edu.co',NULL,'2005-04-04','femenino','2026-03-14 19:04:57',TRUE),
  (286,3,3,'Iván','Salazar Jaramillo','ivan.salazar0286@pascualbravo.edu.co','3152457517','1998-03-01','masculino','2026-03-22 07:50:14',TRUE),
  (287,3,1,'Cristian','Torres Patiño','cristian.torres0287@pascualbravo.edu.co','3169774935','1996-05-16','masculino','2026-01-28 05:41:38',TRUE),
  (288,3,2,'Nathalia','Reyes Urrego','nathalia.reyes0288@pascualbravo.edu.co','3220262606','1987-01-28','femenino','2026-05-10 20:01:52',TRUE),
  (289,3,2,'Luisa','Cárdenas Urrego','luisa.cardenas0289@pascualbravo.edu.co','3273364719','2005-03-12','femenino','2026-04-11 07:57:49',TRUE),
  (290,3,1,'Jhonatan','Molina Escobar','jhonatan.molina0290@pascualbravo.edu.co','3211421591','1992-10-22','masculino','2026-02-12 16:08:28',TRUE),
  (291,3,2,'Diana','Bedoya Obando','diana.bedoya0291@pascualbravo.edu.co',NULL,'2000-04-03','femenino','2026-03-09 11:14:02',TRUE),
  (292,3,4,'Sandra','Bedoya Cifuentes','sandra.bedoya0292@pascualbravo.edu.co','3097043518','1995-02-23','femenino','2026-05-14 20:53:17',TRUE),
  (293,3,4,'Laura','Ríos Mesa','laura.rios0293@pascualbravo.edu.co','3220447168','2001-05-13','femenino','2026-02-27 16:25:22',TRUE),
  (294,3,1,'Cindy','Rodríguez Botero','cindy.rodriguez0294@pascualbravo.edu.co','3132227237','1992-02-17','femenino','2026-03-13 06:09:11',TRUE),
  (295,3,1,'Sofia','Cardona Patiño','sofia.cardona0295@pascualbravo.edu.co','3174265413','2000-04-19','femenino','2026-02-11 20:53:26',TRUE),
  (296,3,1,'Paola','Torres Botero','paola.torres0296@pascualbravo.edu.co',NULL,'2003-03-02','femenino','2026-02-12 08:59:11',TRUE),
  (297,3,2,'Juan','Álvarez Escobar','juan.alvarez0297@pascualbravo.edu.co','3273272042','2000-03-08','otro','2026-04-16 19:09:50',TRUE),
  (298,3,1,'Angélica','Díaz Lozano','angelica.diaz0298@pascualbravo.edu.co','3170863732','2004-10-03','femenino','2026-02-28 12:24:08',TRUE),
  (299,3,1,'Angélica','Cardona Jaramillo','angelica.cardona0299@pascualbravo.edu.co','3073870080','2004-10-02','femenino','2026-05-17 16:48:07',TRUE),
  (300,3,4,'Nathalia','Rodríguez Gallego','nathalia.rodriguez0300@pascualbravo.edu.co','3115830187','2001-07-08','femenino','2026-05-04 12:22:37',TRUE),
  (301,3,1,'Liliana','Sánchez Gallego','liliana.sanchez0301@pascualbravo.edu.co',NULL,'2000-04-28','femenino','2026-01-22 09:38:56',TRUE),
  (302,3,1,'Carlos','Mejía Arenas','carlos.mejia0302@pascualbravo.edu.co',NULL,'1985-07-21','masculino','2026-02-22 22:51:20',TRUE),
  (303,3,4,'Duván','Díaz Urrego','duvan.diaz0303@pascualbravo.edu.co','3185788756','1996-10-09','masculino','2026-04-12 06:26:35',TRUE),
  (304,3,4,'Fredy','Bedoya Urrego','fredy.bedoya0304@pascualbravo.edu.co','3256218720','1997-12-05','masculino','2026-01-31 23:14:28',TRUE),
  (305,4,1,'Jhonatan','Medina Patiño','jhonatan.medina0305@pascualbravo.edu.co','3216986408','1990-07-21','masculino','2026-01-02 02:52:09',TRUE),
  (306,3,1,'Julián','Jiménez Nieto','julian.jimenez0306@pascualbravo.edu.co',NULL,'1986-12-13','masculino','2026-04-13 19:41:33',TRUE),
  (307,3,2,'Nicolás','Aguilar Forero','nicolas.aguilar0307@pascualbravo.edu.co',NULL,'2001-05-07','masculino','2026-01-09 19:32:33',TRUE),
  (308,3,1,'Patricia','Hernández Acosta','patricia.hernandez0308@pascualbravo.edu.co','3047035619','1997-06-22','femenino','2026-04-12 12:37:12',TRUE),
  (309,1,1,'Miguel','Cárdenas Yepes','miguel.cardenas0309@pascualbravo.edu.co','3288239864','1996-06-27','masculino','2026-03-12 07:38:12',TRUE),
  (310,3,7,'Nicolás','Cardona Botero','nicolas.cardona0310@pascualbravo.edu.co',NULL,'1987-09-10','masculino','2026-03-29 03:51:32',TRUE),
  (311,3,2,'Liliana','Díaz Forero','liliana.diaz0311@pascualbravo.edu.co','3274911705','1992-06-25','femenino','2026-04-28 21:29:57',FALSE),
  (312,3,1,'Jorge','Ríos Ríos','jorge.rios0312@pascualbravo.edu.co','3052376656','1998-06-17','masculino','2026-05-18 00:44:53',TRUE),
  (313,3,7,'Óscar','García Agudelo','oscar.garcia0313@pascualbravo.edu.co','3152127291','1996-04-19','masculino','2026-03-10 05:47:43',TRUE),
  (314,3,2,'Alejandra','Hernández Urrego','alejandra.hernandez0314@pascualbravo.edu.co','3043513553','2004-06-05','femenino','2026-01-28 03:58:05',TRUE),
  (315,3,1,'Nathalia','Martínez Cano','nathalia.martinez0315@pascualbravo.edu.co','3176080806','2003-05-16','femenino','2026-02-16 16:17:25',TRUE),
  (316,3,1,'Nelson','Bedoya Arias','nelson.bedoya0316@pascualbravo.edu.co',NULL,'1996-07-28','masculino','2026-02-14 14:07:44',TRUE),
  (317,3,1,'Santiago','Ríos Calderón','santiago.rios0317@pascualbravo.edu.co',NULL,'1996-10-28','masculino','2026-03-08 05:35:16',TRUE),
  (318,3,8,'Patricia','Castro Caballero','patricia.castro0318@pascualbravo.edu.co','3159970552','1996-07-09','femenino','2026-04-26 05:36:08',TRUE),
  (319,3,1,'Milena','Hernández Agudelo','milena.hernandez0319@pascualbravo.edu.co','3136315159','1989-12-05','femenino','2026-05-02 00:11:26',TRUE),
  (320,3,1,'Tatiana','Arango Posada','tatiana.arango0320@pascualbravo.edu.co','3143685164','2002-10-02','femenino','2026-04-12 03:44:10',TRUE),
  (321,3,5,'David','Suárez Patiño','david.suarez0321@pascualbravo.edu.co','3185208908','2002-05-12','masculino','2026-01-06 13:07:22',TRUE),
  (322,3,1,'Edinson','Arango Naranjo','edinson.arango0322@pascualbravo.edu.co','3157661928','1995-11-17','masculino','2026-05-05 23:28:56',TRUE),
  (323,3,1,'Sebastián','Vargas Patiño','sebastian.vargas0323@pascualbravo.edu.co','3286723896','1997-02-03','masculino','2026-02-11 10:14:20',TRUE),
  (324,2,1,'Harold','Mendoza Forero','harold.mendoza0324@pascualbravo.edu.co','3188775038','2001-08-14','masculino','2026-02-12 05:54:01',TRUE),
  (325,3,9,'Miguel','Morales Lozano','miguel.morales0325@pascualbravo.edu.co','3018562070','2000-09-02','masculino','2026-01-07 12:33:48',TRUE),
  (326,3,1,'Camila','Ríos Zuluaga','camila.rios0326@pascualbravo.edu.co','3248141360','1999-11-05','femenino','2026-02-03 16:53:10',TRUE),
  (327,3,1,'Gloria','Bedoya Cifuentes','gloria.bedoya0327@pascualbravo.edu.co','3246562845','2002-08-05','femenino','2026-05-19 05:37:38',TRUE),
  (328,3,1,'Adriana','Quintero Arias','adriana.quintero0328@pascualbravo.edu.co','3174646194','2002-04-26','femenino','2026-01-23 14:19:23',TRUE),
  (329,3,2,'Wilmar','Torres Obando','wilmar.torres0329@pascualbravo.edu.co','3211116303','2000-08-10','masculino','2026-01-03 13:51:18',TRUE),
  (330,3,1,'Sara','Cardona Agudelo','sara.cardona0330@pascualbravo.edu.co','3031913660','2005-07-27','femenino','2026-04-07 07:16:05',TRUE),
  (331,3,1,'Wendy','Mendoza Yepes','wendy.mendoza0331@pascualbravo.edu.co','3246080681','1998-04-28','femenino','2026-01-18 05:08:18',TRUE),
  (332,3,3,'Kevin','Aguilar Ochoa','kevin.aguilar0332@pascualbravo.edu.co','3016661503','2002-01-06','masculino','2026-01-27 09:17:08',TRUE),
  (333,3,3,'Sebastián','Rodríguez Caballero','sebastian.rodriguez0333@pascualbravo.edu.co','3151819114','2000-06-15','masculino','2026-01-09 10:05:53',TRUE),
  (334,3,1,'Harold','García Arias','harold.garcia0334@pascualbravo.edu.co','3043565097','1997-01-04','masculino','2026-03-05 12:49:28',TRUE),
  (335,4,1,'David','Quintero Pineda','david.quintero0335@pascualbravo.edu.co','3251890609','1995-03-21','masculino','2026-01-11 23:59:35',TRUE),
  (336,3,1,'Sara','Parra Correa','sara.parra0336@pascualbravo.edu.co','3025157001','1992-11-14','femenino','2026-03-25 00:10:50',TRUE),
  (337,3,1,'María','Martínez Calderón','maria.martinez0337@pascualbravo.edu.co','3190022258','1989-06-25','femenino','2026-01-23 07:10:31',TRUE),
  (338,3,2,'Andrea','López Obando','andrea.lopez0338@pascualbravo.edu.co','3281988124','1988-03-16','femenino','2026-03-01 10:35:50',TRUE),
  (339,3,2,'Sara','Gómez Mesa','sara.gomez0339@pascualbravo.edu.co','3043647879','1986-08-23','femenino','2026-04-23 17:18:34',TRUE),
  (340,3,1,'Pablo','Cruz Cifuentes','pablo.cruz0340@pascualbravo.edu.co','3284426456','1990-02-17','masculino','2026-02-09 14:18:52',TRUE),
  (341,3,1,'Jhonatan','Ríos Naranjo','jhonatan.rios0341@pascualbravo.edu.co','3258865345','2004-04-11','masculino','2026-01-17 21:34:52',TRUE),
  (342,3,4,'Marcela','Flores Caro','marcela.flores0342@pascualbravo.edu.co','3196020669','1995-02-04','femenino','2026-05-14 21:04:02',TRUE),
  (343,3,2,'Sara','Sánchez Caballero','sara.sanchez0343@pascualbravo.edu.co','3086639957','2005-07-22','femenino','2026-05-06 16:39:44',TRUE),
  (344,3,1,'Jorge','Rodríguez Pineda','jorge.rodriguez0344@pascualbravo.edu.co','3072821834','2005-01-12','masculino','2026-04-17 11:50:45',TRUE),
  (345,3,1,'Natalia','Ruiz Duque','natalia.ruiz0345@pascualbravo.edu.co','3223035125','1988-12-08','femenino','2026-05-17 12:12:12',TRUE),
  (346,3,5,'Laura','Cárdenas Agudelo','laura.cardenas0346@pascualbravo.edu.co','3095714702','2003-06-22','femenino','2026-04-28 22:42:27',TRUE),
  (347,3,1,'Harold','Molina Patiño','harold.molina0347@pascualbravo.edu.co','3290519326','1999-06-11','masculino','2026-05-21 10:54:23',TRUE),
  (348,3,1,'Gloria','Giraldo Sierra','gloria.giraldo0348@pascualbravo.edu.co','3060340113','2002-12-09','femenino','2026-04-03 14:28:25',TRUE),
  (349,3,7,'Andrés','Quintero Holguín','andres.quintero0349@pascualbravo.edu.co','3110881653','1994-04-07','masculino','2026-03-22 00:49:52',TRUE),
  (350,3,5,'Angélica','Cárdenas Alzate','angelica.cardenas0350@pascualbravo.edu.co','3022655004','1986-08-12','femenino','2026-02-09 04:16:23',TRUE),
  (351,3,4,'Iván','Pérez Alzate','ivan.perez0351@pascualbravo.edu.co','3020361818','1995-08-06','masculino','2026-05-05 22:44:36',TRUE),
  (352,3,1,'Luisa','Mejía Mesa','luisa.mejia0352@pascualbravo.edu.co',NULL,'1986-06-12','femenino','2026-04-22 13:59:55',TRUE),
  (353,3,1,'Cindy','Rodríguez Mesa','cindy.rodriguez0353@pascualbravo.edu.co',NULL,'2001-01-11','femenino','2026-05-19 18:09:20',TRUE),
  (354,3,1,'Harold','Suárez Campos','harold.suarez0354@pascualbravo.edu.co','3039807828','1998-05-26','masculino','2026-04-11 04:08:21',TRUE),
  (355,3,2,'Harold','Díaz Escobar','harold.diaz0355@pascualbravo.edu.co','3127498659','1989-08-18','masculino','2026-02-20 15:25:41',TRUE),
  (356,3,1,'Adriana','Hernández Sierra','adriana.hernandez0356@pascualbravo.edu.co',NULL,'1998-06-22','otro','2026-01-23 03:42:26',TRUE),
  (357,3,1,'Steven','Gómez Zuluaga','steven.gomez0357@pascualbravo.edu.co','3192707781','1999-10-05','masculino','2026-04-23 01:59:52',TRUE),
  (358,3,1,'Miguel','Ramírez Correa','miguel.ramirez0358@pascualbravo.edu.co','3229820881','1994-01-11','masculino','2026-01-29 09:28:30',TRUE),
  (359,3,2,'Isabella','Arango Arenas','isabella.arango0359@pascualbravo.edu.co','3274830696','2004-12-05','femenino','2026-01-05 12:37:57',TRUE),
  (360,3,2,'Ricardo','Reyes Caro','ricardo.reyes0360@pascualbravo.edu.co','3197880113','1985-02-13','masculino','2026-03-11 21:54:58',TRUE),
  (361,3,1,'Jairo','Jiménez Mesa','jairo.jimenez0361@pascualbravo.edu.co','3223368583','1995-08-28','masculino','2026-05-17 02:11:12',TRUE),
  (362,3,1,'Valentina','Martínez Sierra','valentina.martinez0362@pascualbravo.edu.co','3154770958','2000-07-24','femenino','2026-02-10 00:22:43',TRUE),
  (363,3,2,'Jhonatan','Mendoza Correa','jhonatan.mendoza0363@pascualbravo.edu.co','3113954845','2002-05-08','masculino','2026-02-08 10:57:25',TRUE),
  (364,3,2,'Kevin','Jiménez Henao','kevin.jimenez0364@pascualbravo.edu.co','3067239162','1994-10-11','masculino','2026-04-25 17:08:13',TRUE),
  (365,3,1,'Sara','Torres Zuluaga','sara.torres0365@pascualbravo.edu.co','3228153282','1998-03-21','femenino','2026-02-10 10:04:35',TRUE),
  (366,3,1,'Sebastián','Gómez Posada','sebastian.gomez0366@pascualbravo.edu.co','3165197277','1994-08-24','masculino','2026-03-12 04:49:12',TRUE),
  (367,3,3,'Wendy','Zapata Vásquez','wendy.zapata0367@pascualbravo.edu.co','3240992396','2004-04-08','femenino','2026-01-07 11:05:44',TRUE),
  (368,3,8,'Lorena','Parra Naranjo','lorena.parra0368@pascualbravo.edu.co','3173598657','1989-03-07','femenino','2026-02-27 01:26:48',TRUE),
  (369,3,1,'Sofia','Reyes Pineda','sofia.reyes0369@pascualbravo.edu.co',NULL,'1999-10-16','femenino','2026-03-25 14:56:15',TRUE),
  (370,3,1,'Sandra','Cruz Largo','sandra.cruz0370@pascualbravo.edu.co','3286763742','2004-09-17','femenino','2026-01-10 16:06:28',TRUE),
  (371,3,1,'Alejandra','Quintero Arias','alejandra.quintero0371@pascualbravo.edu.co','3215268263','2002-07-17','femenino','2026-01-13 06:18:28',TRUE),
  (372,3,1,'Carolina','Vargas Gallego','carolina.vargas0372@pascualbravo.edu.co','3079386491','1989-08-27','femenino','2026-04-26 02:46:32',TRUE),
  (373,3,1,'Nathalia','Torres Largo','nathalia.torres0373@pascualbravo.edu.co','3113343647','1990-08-19','femenino','2026-02-21 14:05:16',TRUE),
  (374,3,3,'Paola','Ramírez Escobar','paola.ramirez0374@pascualbravo.edu.co',NULL,'1999-11-12','femenino','2026-01-22 16:45:24',TRUE),
  (375,3,1,'Paola','Ríos Agudelo','paola.rios0375@pascualbravo.edu.co','3054988861','2003-11-28','femenino','2026-02-08 05:55:09',TRUE),
  (376,3,5,'Iván','Suárez Yepes','ivan.suarez0376@pascualbravo.edu.co','3027659164','1991-01-20','masculino','2026-03-06 00:29:31',TRUE),
  (377,3,1,'Jhon','Hernández Pineda','jhon.hernandez0377@pascualbravo.edu.co','3170899748','1998-08-03','masculino','2026-01-02 07:56:35',TRUE),
  (378,3,4,'Isabella','López Naranjo','isabella.lopez0378@pascualbravo.edu.co',NULL,'2005-06-02','femenino','2026-02-07 01:42:36',TRUE),
  (379,3,1,'Andrea','Sánchez Henao','andrea.sanchez0379@pascualbravo.edu.co','3048168910','2004-11-23','femenino','2026-02-15 14:47:37',TRUE),
  (380,3,1,'Gloria','Parra Mesa','gloria.parra0380@pascualbravo.edu.co','3183882978','1987-05-16','femenino','2026-02-04 03:44:55',TRUE),
  (381,3,7,'Isabella','Zapata Correa','isabella.zapata0381@pascualbravo.edu.co',NULL,'2005-09-03','femenino','2026-05-04 23:44:38',TRUE),
  (382,3,1,'Steven','Cruz Urrego','steven.cruz0382@pascualbravo.edu.co','3257493391','1989-10-19','masculino','2026-05-08 16:46:40',TRUE),
  (383,3,4,'Sofia','Álvarez Ochoa','sofia.alvarez0383@pascualbravo.edu.co',NULL,'1985-08-21','femenino','2026-01-31 23:54:13',TRUE),
  (384,3,1,'Óscar','Ospina Agudelo','oscar.ospina0384@pascualbravo.edu.co','3011516293','2005-04-23','masculino','2026-03-14 08:50:04',TRUE),
  (385,3,1,'Carlos','Ramírez Patiño','carlos.ramirez0385@pascualbravo.edu.co','3286359356','2004-01-27','masculino','2026-02-14 06:21:53',TRUE),
  (386,3,1,'Luisa','Torres Cano','luisa.torres0386@pascualbravo.edu.co','3182070563','1995-08-26','femenino','2026-04-16 23:03:53',TRUE),
  (387,3,2,'Marcela','Arango Bernal','marcela.arango0387@pascualbravo.edu.co','3254522609','1996-02-05','femenino','2026-03-13 00:21:24',TRUE),
  (388,3,1,'Sandra','Castro Campos','sandra.castro0388@pascualbravo.edu.co',NULL,'1994-12-28','femenino','2026-03-22 22:02:17',TRUE),
  (389,3,1,'Hernando','Ruiz Pineda','hernando.ruiz0389@pascualbravo.edu.co','3025063426','1996-01-25','masculino','2026-02-21 02:28:32',TRUE),
  (390,3,1,'Sara','Murillo Cano','sara.murillo0390@pascualbravo.edu.co','3251655640','1995-03-25','femenino','2026-01-26 16:43:08',TRUE),
  (391,3,2,'Wilmar','Ramírez Acosta','wilmar.ramirez0391@pascualbravo.edu.co','3089763928','1987-06-15','masculino','2026-01-12 03:33:49',TRUE),
  (392,3,1,'Yolanda','Morales Posada','yolanda.morales0392@pascualbravo.edu.co','3147131272','2002-06-25','femenino','2026-04-23 21:07:17',TRUE),
  (393,3,4,'Kevin','Cárdenas Botero','kevin.cardenas0393@pascualbravo.edu.co',NULL,'2002-06-18','masculino','2026-03-23 08:09:45',TRUE),
  (394,3,1,'Iván','Zapata Patiño','ivan.zapata0394@pascualbravo.edu.co','3027458237','1985-08-22','masculino','2026-01-13 03:24:03',TRUE),
  (395,3,4,'Jennifer','Suárez Caro','jennifer.suarez0395@pascualbravo.edu.co','3136594858','2002-02-25','femenino','2026-04-30 18:08:05',TRUE),
  (396,3,2,'Rodrigo','Ruiz Cifuentes','rodrigo.ruiz0396@pascualbravo.edu.co','3029289997','2004-05-12','masculino','2026-04-11 05:44:58',TRUE),
  (397,3,1,'Carolina','Aguilar Bernal','carolina.aguilar0397@pascualbravo.edu.co',NULL,'1988-06-16','femenino','2026-04-29 05:18:49',TRUE),
  (398,3,1,'Claudia','Sánchez Posada','claudia.sanchez0398@pascualbravo.edu.co','3050549608','2002-08-13','femenino','2026-04-16 07:39:15',TRUE),
  (399,3,1,'Óscar','Morales Calderón','oscar.morales0399@pascualbravo.edu.co','3186129797','1995-09-23','masculino','2026-03-02 05:42:42',TRUE),
  (400,3,1,'Mariana','Ramírez Calderón','mariana.ramirez0400@pascualbravo.edu.co','3184502610','1988-08-06','femenino','2026-03-20 12:04:38',TRUE),
  (401,3,1,'Sandra','Cruz Caballero','sandra.cruz0401@pascualbravo.edu.co','3022151134','1991-03-19','femenino','2026-01-01 04:42:09',TRUE),
  (402,3,9,'Luz','Reyes Pineda','luz.reyes0402@pascualbravo.edu.co','3150229795','2003-11-10','femenino','2026-04-22 22:58:22',TRUE),
  (403,3,5,'Angélica','Medina Holguín','angelica.medina0403@pascualbravo.edu.co','3059556257','2002-01-01','femenino','2026-04-02 03:55:18',TRUE),
  (404,3,1,'Claudia','Cruz Mesa','claudia.cruz0404@pascualbravo.edu.co','3183164605','1991-11-06','femenino','2026-05-02 04:12:35',TRUE),
  (405,3,2,'Diana','Álvarez Holguín','diana.alvarez0405@pascualbravo.edu.co',NULL,'1987-11-01','femenino','2026-02-06 23:56:31',TRUE),
  (406,3,4,'Alejandro','Cardona Cifuentes','alejandro.cardona0406@pascualbravo.edu.co','3291125155','1998-10-06','masculino','2026-04-27 16:27:35',TRUE),
  (407,3,8,'Nelson','Giraldo Acosta','nelson.giraldo0407@pascualbravo.edu.co','3241776042','2001-05-14','masculino','2026-05-20 18:23:02',TRUE),
  (408,3,2,'Paula','Salazar Cano','paula.salazar0408@pascualbravo.edu.co','3029070658','2001-05-15','femenino','2026-05-13 02:33:56',TRUE),
  (409,3,2,'Natalia','Arango Calderón','natalia.arango0409@pascualbravo.edu.co','3056109986','2002-01-16','femenino','2026-04-27 16:57:30',TRUE),
  (410,3,2,'Ricardo','Álvarez Lozano','ricardo.alvarez0410@pascualbravo.edu.co',NULL,'2004-12-10','masculino','2026-03-08 01:40:30',TRUE),
  (411,3,1,'Lina','Zapata Bernal','lina.zapata0411@pascualbravo.edu.co','3027021671','2001-02-28','femenino','2026-03-13 08:08:39',TRUE),
  (412,3,1,'Daniel','Giraldo Naranjo','daniel.giraldo0412@pascualbravo.edu.co','3230285078','1999-06-26','masculino','2026-02-14 08:50:44',TRUE),
  (413,3,3,'Luisa','Murillo Escobar','luisa.murillo0413@pascualbravo.edu.co','3230689702','2000-07-25','femenino','2026-04-09 07:42:28',TRUE),
  (414,3,7,'Martha','López Urrego','martha.lopez0414@pascualbravo.edu.co','3017049544','1990-08-13','femenino','2026-05-02 09:30:47',TRUE),
  (415,3,8,'Jairo','Bedoya Urrego','jairo.bedoya0415@pascualbravo.edu.co',NULL,'1998-01-10','masculino','2026-04-25 12:43:20',TRUE),
  (416,3,1,'Edison','Ospina Gallego','edison.ospina0416@pascualbravo.edu.co','3246586490','1995-05-09','masculino','2026-01-26 08:41:37',TRUE),
  (417,3,1,'Jennifer','Reyes Arenas','jennifer.reyes0417@pascualbravo.edu.co','3234148004','1995-09-01','femenino','2026-01-03 02:00:26',TRUE),
  (418,3,3,'Esteban','Álvarez Urrego','esteban.alvarez0418@pascualbravo.edu.co','3093134088','1987-01-20','masculino','2026-02-25 19:40:07',TRUE),
  (419,3,2,'Juliana','Ríos Alzate','juliana.rios0419@pascualbravo.edu.co','3024877375','1990-05-10','femenino','2026-04-30 21:59:04',TRUE),
  (420,3,1,'Nelson','Cruz Urrego','nelson.cruz0420@pascualbravo.edu.co','3047216895','1986-07-13','masculino','2026-03-27 01:16:52',TRUE),
  (421,3,1,'Sara','Zapata Largo','sara.zapata0421@pascualbravo.edu.co','3124553291','1989-09-25','femenino','2026-04-21 06:39:41',TRUE),
  (422,3,1,'Juan','García Duque','juan.garcia0422@pascualbravo.edu.co','3169845276','1985-08-05','masculino','2026-01-01 01:42:24',TRUE),
  (423,3,1,'Liliana','Rodríguez Botero','liliana.rodriguez0423@pascualbravo.edu.co','3174174787','1998-07-28','femenino','2026-01-18 17:14:00',TRUE),
  (424,3,8,'Paula','Mejía Arias','paula.mejia0424@pascualbravo.edu.co','3154753520','1994-07-02','femenino','2026-01-24 11:34:54',TRUE),
  (425,3,1,'Ricardo','Reyes Naranjo','ricardo.reyes0425@pascualbravo.edu.co','3198682228','1991-05-23','masculino','2026-04-10 03:40:44',TRUE),
  (426,3,1,'Sara','Torres Castaño','sara.torres0426@pascualbravo.edu.co','3289583788','1992-08-13','femenino','2026-01-17 17:41:19',TRUE),
  (427,3,1,'Valentina','Martínez Patiño','valentina.martinez0427@pascualbravo.edu.co',NULL,'1986-07-04','femenino','2026-02-24 20:42:33',TRUE),
  (428,3,3,'Diana','Salazar Ríos','diana.salazar0428@pascualbravo.edu.co','3029003951','2000-11-01','femenino','2026-05-01 19:02:15',TRUE),
  (429,3,1,'Luis','Ruiz Franco','luis.ruiz0429@pascualbravo.edu.co','3089328380','1987-02-04','masculino','2026-05-08 19:51:39',TRUE),
  (430,3,1,'Harold','Cruz González','harold.cruz0430@pascualbravo.edu.co','3283267417','1989-06-27','masculino','2026-02-24 01:37:11',TRUE),
  (431,3,3,'Edwin','Vargas Nieto','edwin.vargas0431@pascualbravo.edu.co','3142701425','2003-01-05','masculino','2026-01-26 20:39:24',FALSE),
  (432,3,1,'María','Rodríguez Naranjo','maria.rodriguez0432@pascualbravo.edu.co','3297477181','2003-05-14','femenino','2026-05-02 22:08:13',TRUE),
  (433,3,2,'Camilo','Castro Caro','camilo.castro0433@pascualbravo.edu.co','3234159253','2000-10-03','masculino','2026-03-19 11:26:00',TRUE),
  (434,3,1,'Diego','Zapata Nieto','diego.zapata0434@pascualbravo.edu.co','3278120967','1992-08-25','otro','2026-02-23 08:03:12',TRUE),
  (435,3,2,'Lorena','Aguilar Naranjo','lorena.aguilar0435@pascualbravo.edu.co','3017251463','2005-06-10','femenino','2026-02-23 13:16:21',TRUE),
  (436,3,2,'David','López Arias','david.lopez0436@pascualbravo.edu.co','3075103838','2001-02-03','masculino','2026-03-02 23:28:37',TRUE),
  (437,3,1,'Gloria','Jiménez González','gloria.jimenez0437@pascualbravo.edu.co','3041825487','1998-04-13','femenino','2026-02-26 02:30:37',TRUE),
  (438,3,1,'Kevin','Rincón Naranjo','kevin.rincon0438@pascualbravo.edu.co','3071436848','1991-11-12','masculino','2026-03-11 06:21:08',TRUE),
  (439,3,1,'Daniel','Rincón Cifuentes','daniel.rincon0439@pascualbravo.edu.co','3139508245','1994-10-06','masculino','2026-02-13 18:35:54',TRUE),
  (440,3,2,'Isabella','Salazar Cano','isabella.salazar0440@pascualbravo.edu.co','3111946674','1998-12-28','femenino','2026-03-05 07:20:27',TRUE),
  (441,3,1,'Diana','Mejía Acosta','diana.mejia0441@pascualbravo.edu.co','3015376584','2000-12-25','femenino','2026-05-10 01:27:33',TRUE),
  (442,3,9,'Daniela','Suárez Caballero','daniela.suarez0442@pascualbravo.edu.co','3211667385','1998-04-05','femenino','2026-04-02 09:15:41',FALSE),
  (443,3,1,'Paola','Rincón Alzate','paola.rincon0443@pascualbravo.edu.co','3071047698','1999-03-28','femenino','2026-04-14 05:50:55',TRUE),
  (444,3,4,'Natalia','Ríos Patiño','natalia.rios0444@pascualbravo.edu.co','3167163632','1993-12-20','femenino','2026-05-19 18:50:13',TRUE),
  (445,3,2,'Andrea','Molina Nieto','andrea.molina0445@pascualbravo.edu.co','3061399349','1996-08-20','femenino','2026-01-11 11:23:11',TRUE),
  (446,3,1,'Isabella','Torres Patiño','isabella.torres0446@pascualbravo.edu.co','3097112459','2000-12-25','femenino','2026-02-23 23:48:14',TRUE),
  (447,3,1,'Adriana','Mendoza Correa','adriana.mendoza0447@pascualbravo.edu.co',NULL,'1996-08-16','femenino','2026-05-09 16:53:07',TRUE),
  (448,3,1,'Lina','Suárez Caro','lina.suarez0448@pascualbravo.edu.co','3218808386','1991-08-03','femenino','2026-01-21 12:57:11',TRUE),
  (449,3,1,'Fernando','Ramírez Jaramillo','fernando.ramirez0449@pascualbravo.edu.co','3079885511','2005-01-10','masculino','2026-04-17 21:34:59',TRUE),
  (450,3,2,'Andrés','Álvarez Ochoa','andres.alvarez0450@pascualbravo.edu.co',NULL,'1992-09-21','masculino','2026-03-27 13:37:21',TRUE),
  (451,3,8,'Tatiana','Cárdenas Forero','tatiana.cardenas0451@pascualbravo.edu.co','3227710599','1994-03-26','femenino','2026-03-08 07:30:23',TRUE),
  (452,3,2,'Pablo','Álvarez Cifuentes','pablo.alvarez0452@pascualbravo.edu.co','3231580852','2002-05-06','masculino','2026-02-14 22:44:57',TRUE),
  (453,3,2,'Juan','Cruz Alzate','juan.cruz0453@pascualbravo.edu.co',NULL,'1993-06-06','masculino','2026-02-22 17:45:02',TRUE),
  (454,3,1,'Hernando','Arango Lozano','hernando.arango0454@pascualbravo.edu.co','3013345404','1997-08-25','masculino','2026-02-07 14:59:20',TRUE),
  (455,3,3,'Angélica','Murillo Yepes','angelica.murillo0455@pascualbravo.edu.co','3187004412','1989-10-24','femenino','2026-04-24 10:44:07',TRUE),
  (456,3,2,'Fredy','Ramírez Zuluaga','fredy.ramirez0456@pascualbravo.edu.co',NULL,'2004-04-15','masculino','2026-04-02 02:20:03',TRUE),
  (457,3,1,'Milena','Reyes Bernal','milena.reyes0457@pascualbravo.edu.co',NULL,'1999-11-22','femenino','2026-01-23 16:25:12',TRUE),
  (458,3,1,'Andrea','Parra Largo','andrea.parra0458@pascualbravo.edu.co',NULL,'1998-06-13','femenino','2026-04-06 00:18:22',TRUE),
  (459,3,1,'Camila','Morales Forero','camila.morales0459@pascualbravo.edu.co','3169391930','1994-03-26','femenino','2026-04-19 23:57:26',TRUE),
  (460,3,2,'Santiago','Ruiz Cano','santiago.ruiz0460@pascualbravo.edu.co','3255018873','1987-10-25','masculino','2026-04-07 02:00:26',TRUE),
  (461,3,2,'Rodrigo','Mejía Holguín','rodrigo.mejia0461@pascualbravo.edu.co','3148851088','2002-08-02','masculino','2026-03-19 18:19:31',TRUE),
  (462,4,6,'Carlos','Flores Urrego','carlos.flores0462@pascualbravo.edu.co','3295437748','2000-02-21','masculino','2026-03-15 13:11:31',TRUE),
  (463,3,8,'Fernando','Aguilar Duque','fernando.aguilar0463@pascualbravo.edu.co','3187989327','2000-10-14','masculino','2026-03-08 20:43:30',TRUE),
  (464,3,1,'Edinson','Gómez Urrego','edinson.gomez0464@pascualbravo.edu.co','3029614192','1995-08-23','masculino','2026-02-04 11:10:03',TRUE),
  (465,3,1,'Martha','López Yepes','martha.lopez0465@pascualbravo.edu.co','3220311502','2001-04-25','femenino','2026-02-16 03:38:48',TRUE),
  (466,3,1,'Iván','Mendoza Nieto','ivan.mendoza0466@pascualbravo.edu.co',NULL,'2003-06-27','masculino','2026-02-06 00:08:33',TRUE),
  (467,3,3,'Felipe','Sánchez Pineda','felipe.sanchez0467@pascualbravo.edu.co','3035288872','2002-10-23','masculino','2026-05-15 17:45:35',TRUE),
  (468,3,1,'Jorge','Ramírez Holguín','jorge.ramirez0468@pascualbravo.edu.co','3156735943','1994-12-12','masculino','2026-02-05 14:56:38',TRUE),
  (469,3,2,'Iván','Gómez González','ivan.gomez0469@pascualbravo.edu.co','3229107146','1992-05-05','masculino','2026-02-23 04:05:27',TRUE),
  (470,3,1,'Fabio','Valencia Castaño','fabio.valencia0470@pascualbravo.edu.co','3098555359','2001-10-02','masculino','2026-05-01 03:58:16',TRUE),
  (471,3,1,'David','Ramírez Campos','david.ramirez0471@pascualbravo.edu.co','3034800996','1996-01-03','masculino','2026-02-07 23:17:37',TRUE),
  (472,3,3,'Wendy','Hernández Botero','wendy.hernandez0472@pascualbravo.edu.co','3087595788','1985-09-07','femenino','2026-02-19 09:10:57',FALSE),
  (473,3,1,'Isabella','Molina Cano','isabella.molina0473@pascualbravo.edu.co','3234847161','1999-11-04','femenino','2026-02-16 11:24:27',TRUE),
  (474,3,3,'Mauricio','Ramírez Cifuentes','mauricio.ramirez0474@pascualbravo.edu.co',NULL,'1989-08-25','masculino','2026-04-03 22:18:35',TRUE),
  (475,3,1,'Sandra','Álvarez Cifuentes','sandra.alvarez0475@pascualbravo.edu.co','3169586748','1992-09-14','femenino','2026-03-16 13:12:54',TRUE),
  (476,3,1,'Cristian','Castro Acosta','cristian.castro0476@pascualbravo.edu.co','3124115931','1997-08-17','masculino','2026-01-22 03:09:25',TRUE),
  (477,3,1,'Felipe','García Nieto','felipe.garcia0477@pascualbravo.edu.co','3136878911','2004-07-04','masculino','2026-03-01 13:46:31',TRUE),
  (478,3,1,'Milena','Medina Obando','milena.medina0478@pascualbravo.edu.co','3264283500','2000-09-09','femenino','2026-02-07 14:06:07',TRUE),
  (479,3,2,'Juliana','Gómez Franco','juliana.gomez0479@pascualbravo.edu.co','3076858535','1985-03-13','femenino','2026-03-25 04:19:39',TRUE),
  (480,3,1,'Tatiana','Aguilar Cifuentes','tatiana.aguilar0480@pascualbravo.edu.co','3276826878','2000-09-09','femenino','2026-05-19 10:51:55',FALSE),
  (481,3,3,'Adriana','Ramírez Mesa','adriana.ramirez0481@pascualbravo.edu.co','3169398880','1999-01-02','femenino','2026-02-15 17:42:55',TRUE),
  (482,3,2,'Nelson','Torres Zuluaga','nelson.torres0482@pascualbravo.edu.co','3124681002','2003-11-16','masculino','2026-05-19 18:30:30',TRUE),
  (483,3,4,'Julián','Aguilar Calderón','julian.aguilar0483@pascualbravo.edu.co','3257347151','1994-06-02','masculino','2026-01-08 18:02:08',TRUE),
  (484,3,1,'Valentina','Murillo Mesa','valentina.murillo0484@pascualbravo.edu.co',NULL,'1996-06-14','femenino','2026-03-31 01:42:15',TRUE),
  (485,3,1,'Natalia','Ruiz González','natalia.ruiz0485@pascualbravo.edu.co','3082265081','1995-01-15','femenino','2026-04-19 18:32:57',FALSE),
  (486,3,4,'Andrés','Cruz Mesa','andres.cruz0486@pascualbravo.edu.co','3186844836','1988-08-04','masculino','2026-02-22 10:31:32',TRUE),
  (487,3,1,'Iván','Parra Gallego','ivan.parra0487@pascualbravo.edu.co','3220109437','2002-04-10','masculino','2026-03-09 01:19:36',TRUE),
  (488,3,1,'Camila','Salazar Franco','camila.salazar0488@pascualbravo.edu.co','3119028796','2003-09-16','femenino','2026-04-20 06:22:50',TRUE),
  (489,3,1,'Yolanda','Valencia Arias','yolanda.valencia0489@pascualbravo.edu.co','3163995920','1993-10-17','femenino','2026-04-27 21:48:35',FALSE),
  (490,3,1,'Laura','Mejía Caballero','laura.mejia0490@pascualbravo.edu.co','3272719315','1993-11-18','femenino','2026-04-22 18:46:40',TRUE),
  (491,3,2,'Camilo','Flores Zuluaga','camilo.flores0491@pascualbravo.edu.co','3152768905','1987-11-07','masculino','2026-04-16 08:52:18',TRUE),
  (492,3,9,'Claudia','Hernández González','claudia.hernandez0492@pascualbravo.edu.co',NULL,'1985-04-26','femenino','2026-03-21 14:31:35',TRUE),
  (493,3,1,'Sara','Vargas Vásquez','sara.vargas0493@pascualbravo.edu.co',NULL,'1993-05-22','femenino','2026-05-21 05:41:54',TRUE),
  (494,3,4,'Andrea','Pérez Posada','andrea.perez0494@pascualbravo.edu.co','3064627534','1996-11-22','femenino','2026-01-24 12:53:46',TRUE),
  (495,3,4,'Angélica','Ramírez Arenas','angelica.ramirez0495@pascualbravo.edu.co','3280499222','1993-08-03','femenino','2026-03-02 19:07:49',TRUE),
  (496,3,1,'Sandra','Hernández Gallego','sandra.hernandez0496@pascualbravo.edu.co','3033508806','1991-05-15','femenino','2026-04-15 08:55:37',TRUE),
  (497,3,1,'Paula','Cruz Arias','paula.cruz0497@pascualbravo.edu.co','3243064092','1993-03-12','femenino','2026-05-02 22:23:52',TRUE),
  (498,4,5,'Luisa','López Sierra','luisa.lopez0498@pascualbravo.edu.co','3151509315','2005-12-12','femenino','2026-02-01 17:55:15',TRUE),
  (499,3,5,'Claudia','Díaz Zuluaga','claudia.diaz0499@pascualbravo.edu.co',NULL,'1992-05-07','femenino','2026-02-11 14:40:20',TRUE),
  (500,3,2,'Juan','Mendoza Escobar','juan.mendoza0500@pascualbravo.edu.co','3173228801','1998-06-23','masculino','2026-04-19 03:52:10',TRUE);
SELECT setval('usuarios_id_usuario_seq', 500);

-- Asignar creador_admin a catálogos (usuario id=1 es administrador)
UPDATE tipos_usuario  SET id_creador_admin = 1;
UPDATE tipos_evento   SET id_creador_admin = 1;
UPDATE tipos_producto SET id_creador_admin = 1;
UPDATE tipos_servicio SET id_creador_admin = 2;

-- ---------------------------------------------------------------------------
-- 7. perfil (500 — 1:1 con usuarios)
-- ---------------------------------------------------------------------------
INSERT INTO perfil
  (id_perfil,id_usuario,alias_usuario,biografia,foto_url,semestre_cursado,fecha_creacion)
VALUES
  (1,1,'campus0001007','Docente de matemáticas con enfoque en pedagogía activa e innovación educativa.','https://cdn.pascualbravo.edu.co/avatars/u0001.jpg',9,'2026-03-25 14:44:01'),
  (2,2,'ing0002col','Monitor académico y miembro activo del semillero de investigación.','https://cdn.pascualbravo.edu.co/avatars/u0002.jpg',3,'2026-01-01 12:12:40'),
  (3,3,'pascal0003123','Docente de matemáticas con enfoque en pedagogía activa e innovación educativa.','https://cdn.pascualbravo.edu.co/avatars/u0003.jpg',NULL,'2026-02-10 07:33:45'),
  (4,4,'dev0004007','Estudiante de últimos semestres, enfocado en proyectos de inteligencia artificial.','https://cdn.pascualbravo.edu.co/avatars/u0004.jpg',3,'2026-03-08 05:43:37'),
  (5,5,'campus0005medellin','Apasionado por la robótica, la IA y el desarrollo de soluciones tecnológicas.','https://cdn.pascualbravo.edu.co/avatars/u0005.jpg',NULL,'2026-04-05 05:25:56'),
  (6,6,'bravo0006itpb','Estudiante de tecnología con pasión por la innovación y el emprendimiento digital.','https://cdn.pascualbravo.edu.co/avatars/u0006.jpg',9,'2026-02-28 02:29:12'),
  (7,7,'pascal0007col','Estudiante de tecnología con pasión por la innovación y el emprendimiento digital.','https://cdn.pascualbravo.edu.co/avatars/u0007.jpg',7,'2026-03-08 04:05:23'),
  (8,8,'dev0008pb','Estudiante de tecnología con pasión por la innovación y el emprendimiento digital.','https://cdn.pascualbravo.edu.co/avatars/u0008.jpg',7,'2026-04-27 21:31:07'),
  (9,9,'code0009itpb','Apasionado por la robótica, la IA y el desarrollo de soluciones tecnológicas.','https://cdn.pascualbravo.edu.co/avatars/u0009.jpg',5,'2026-03-15 23:31:24'),
  (10,10,'dev0010007','Apasionado por la robótica, la IA y el desarrollo de soluciones tecnológicas.','https://cdn.pascualbravo.edu.co/avatars/u0010.jpg',5,'2026-02-18 13:11:26'),
  (11,11,'dev00112026','Gestora administrativa con amplia experiencia en entornos educativos.','https://cdn.pascualbravo.edu.co/avatars/u0011.jpg',4,'2026-04-26 07:23:37'),
  (12,12,'uni0012pb','Estudiante de tecnología con pasión por la innovación y el emprendimiento digital.','https://cdn.pascualbravo.edu.co/avatars/u0012.jpg',6,'2026-04-12 21:13:45'),
  (13,13,'bravo0013007','Docente de matemáticas con enfoque en pedagogía activa e innovación educativa.','https://cdn.pascualbravo.edu.co/avatars/u0013.jpg',NULL,'2026-01-25 17:03:03'),
  (14,14,'campus0014itpb','Monitor académico y miembro activo del semillero de investigación.','https://cdn.pascualbravo.edu.co/avatars/u0014.jpg',10,'2026-01-12 00:16:32'),
  (15,15,'bravo0015medellin','Emprendedor en el sector tecnológico. Creo en la educación como motor de cambio.','https://cdn.pascualbravo.edu.co/avatars/u0015.jpg',3,'2026-01-11 18:11:16'),
  (16,16,'dev0016star','Estudiante de últimos semestres, enfocado en proyectos de inteligencia artificial.','https://cdn.pascualbravo.edu.co/avatars/u0016.jpg',3,'2026-01-23 10:45:33'),
  (17,17,'bravo0017col','Gestora administrativa con amplia experiencia en entornos educativos.','https://cdn.pascualbravo.edu.co/avatars/u0017.jpg',NULL,'2026-01-12 04:31:55'),
  (18,18,'pascal0018123','Emprendedor en el sector tecnológico. Creo en la educación como motor de cambio.','https://cdn.pascualbravo.edu.co/avatars/u0018.jpg',NULL,'2026-03-09 19:53:48'),
  (19,19,'pascal0019123','Emprendedor en el sector tecnológico. Creo en la educación como motor de cambio.','https://cdn.pascualbravo.edu.co/avatars/u0019.jpg',6,'2026-05-06 04:35:54'),
  (20,20,'uni00202026','Apasionado por la robótica, la IA y el desarrollo de soluciones tecnológicas.','https://cdn.pascualbravo.edu.co/avatars/u0020.jpg',NULL,'2026-02-28 05:02:30'),
  (21,21,'pascal0021col','Monitor académico y miembro activo del semillero de investigación.','https://cdn.pascualbravo.edu.co/avatars/u0021.jpg',8,'2026-01-11 14:22:45'),
  (22,22,'uni0022star','Monitor académico y miembro activo del semillero de investigación.','https://cdn.pascualbravo.edu.co/avatars/u0022.jpg',NULL,'2026-02-07 03:22:05'),
  (23,23,'code0023medellin','Egresado orgulloso del Pascual Bravo. Actualmente trabajo en el sector TIC.','https://cdn.pascualbravo.edu.co/avatars/u0023.jpg',9,'2026-03-11 18:57:42'),
  (24,24,'code00242026','Ex estudiante retomando su carrera con nuevas metas y mucha motivación.','https://cdn.pascualbravo.edu.co/avatars/u0024.jpg',3,'2026-04-17 02:15:49'),
  (25,25,'uni0025pb','Estudiante de últimos semestres, enfocado en proyectos de inteligencia artificial.','https://cdn.pascualbravo.edu.co/avatars/u0025.jpg',NULL,'2026-02-01 12:23:37'),
  (26,26,'tech0026123','Egresado orgulloso del Pascual Bravo. Actualmente trabajo en el sector TIC.','https://cdn.pascualbravo.edu.co/avatars/u0026.jpg',NULL,'2026-04-28 22:42:30'),
  (27,27,'uni0027medellin','Docente de matemáticas con enfoque en pedagogía activa e innovación educativa.','https://cdn.pascualbravo.edu.co/avatars/u0027.jpg',6,'2026-01-12 20:39:28'),
  (28,28,'campus0028col','Apasionado por la robótica, la IA y el desarrollo de soluciones tecnológicas.','https://cdn.pascualbravo.edu.co/avatars/u0028.jpg',5,'2026-03-24 01:47:04'),
  (29,29,'bravo0029pb','Emprendedor en el sector tecnológico. Creo en la educación como motor de cambio.','https://cdn.pascualbravo.edu.co/avatars/u0029.jpg',NULL,'2026-03-03 12:05:01'),
  (30,30,'code0030col','Emprendedor en el sector tecnológico. Creo en la educación como motor de cambio.','https://cdn.pascualbravo.edu.co/avatars/u0030.jpg',5,'2026-02-09 03:19:31'),
  (31,31,'bravo0031medellin','Docente de matemáticas con enfoque en pedagogía activa e innovación educativa.','https://cdn.pascualbravo.edu.co/avatars/u0031.jpg',NULL,'2026-01-25 11:32:12'),
  (32,32,'uni0032star','Emprendedor en el sector tecnológico. Creo en la educación como motor de cambio.','https://cdn.pascualbravo.edu.co/avatars/u0032.jpg',10,'2026-04-19 02:48:27'),
  (33,33,'campus0033col','Emprendedor en el sector tecnológico. Creo en la educación como motor de cambio.','https://cdn.pascualbravo.edu.co/avatars/u0033.jpg',2,'2026-01-11 16:21:29'),
  (34,34,'code0034col','Monitor académico y miembro activo del semillero de investigación.','https://cdn.pascualbravo.edu.co/avatars/u0034.jpg',9,'2026-01-22 09:29:27'),
  (35,35,'tech0035star','Gestora administrativa con amplia experiencia en entornos educativos.','https://cdn.pascualbravo.edu.co/avatars/u0035.jpg',NULL,'2026-02-02 21:57:19'),
  (36,36,'code0036007','Gestora administrativa con amplia experiencia en entornos educativos.','https://cdn.pascualbravo.edu.co/avatars/u0036.jpg',9,'2026-01-20 01:32:06'),
  (37,37,'bravo0037007','Docente comprometido con la formación de ingenieros íntegros y creativos.','https://cdn.pascualbravo.edu.co/avatars/u0037.jpg',10,'2026-03-06 11:16:37'),
  (38,38,'tech00382026','Docente comprometido con la formación de ingenieros íntegros y creativos.','https://cdn.pascualbravo.edu.co/avatars/u0038.jpg',8,'2026-02-15 05:53:25'),
  (39,39,'ing0039pb','Emprendedor en el sector tecnológico. Creo en la educación como motor de cambio.','https://cdn.pascualbravo.edu.co/avatars/u0039.jpg',5,'2026-03-22 18:46:29'),
  (40,40,'uni0040medellin','Estudiante de últimos semestres, enfocado en proyectos de inteligencia artificial.','https://cdn.pascualbravo.edu.co/avatars/u0040.jpg',3,'2026-02-24 05:05:47'),
  (41,41,'pascal0041pb','Emprendedor en el sector tecnológico. Creo en la educación como motor de cambio.','https://cdn.pascualbravo.edu.co/avatars/u0041.jpg',1,'2026-04-12 03:00:10'),
  (42,42,'uni0042star','Emprendedor en el sector tecnológico. Creo en la educación como motor de cambio.','https://cdn.pascualbravo.edu.co/avatars/u0042.jpg',10,'2026-05-05 09:39:52'),
  (43,43,'campus0043007','Gestora administrativa con amplia experiencia en entornos educativos.','https://cdn.pascualbravo.edu.co/avatars/u0043.jpg',NULL,'2026-02-04 00:12:07'),
  (44,44,'ing0044itpb','Estudiante de tecnología con pasión por la innovación y el emprendimiento digital.','https://cdn.pascualbravo.edu.co/avatars/u0044.jpg',NULL,'2026-02-07 20:15:27'),
  (45,45,'code0045pb','Gestora administrativa con amplia experiencia en entornos educativos.','https://cdn.pascualbravo.edu.co/avatars/u0045.jpg',3,'2026-05-02 13:01:07'),
  (46,46,'dev0046col','Monitor académico y miembro activo del semillero de investigación.','https://cdn.pascualbravo.edu.co/avatars/u0046.jpg',8,'2026-01-06 14:37:15'),
  (47,47,'code0047medellin','Docente de matemáticas con enfoque en pedagogía activa e innovación educativa.','https://cdn.pascualbravo.edu.co/avatars/u0047.jpg',7,'2026-01-14 10:00:06'),
  (48,48,'bravo0048007','Monitor académico y miembro activo del semillero de investigación.','https://cdn.pascualbravo.edu.co/avatars/u0048.jpg',10,'2026-03-16 01:31:25'),
  (49,49,'uni0049star','Apasionado por la robótica, la IA y el desarrollo de soluciones tecnológicas.','https://cdn.pascualbravo.edu.co/avatars/u0049.jpg',9,'2026-01-05 13:36:20'),
  (50,50,'tech0050medellin','Emprendedor en el sector tecnológico. Creo en la educación como motor de cambio.','https://cdn.pascualbravo.edu.co/avatars/u0050.jpg',2,'2026-05-07 19:41:22'),
  (51,51,'uni0051007','Estudiante de tecnología con pasión por la innovación y el emprendimiento digital.','https://cdn.pascualbravo.edu.co/avatars/u0051.jpg',NULL,'2026-02-19 15:22:28'),
  (52,52,'code0052itpb','Docente de matemáticas con enfoque en pedagogía activa e innovación educativa.','https://cdn.pascualbravo.edu.co/avatars/u0052.jpg',6,'2026-04-30 04:56:18'),
  (53,53,'bravo0053007','Estudiante de últimos semestres, enfocado en proyectos de inteligencia artificial.','https://cdn.pascualbravo.edu.co/avatars/u0053.jpg',3,'2026-02-23 09:44:47'),
  (54,54,'tech0054star','Egresado orgulloso del Pascual Bravo. Actualmente trabajo en el sector TIC.','https://cdn.pascualbravo.edu.co/avatars/u0054.jpg',NULL,'2026-02-10 19:31:06'),
  (55,55,'bravo0055star','Gestora administrativa con amplia experiencia en entornos educativos.','https://cdn.pascualbravo.edu.co/avatars/u0055.jpg',NULL,'2026-01-13 00:22:56'),
  (56,56,'pascal0056123','Egresado orgulloso del Pascual Bravo. Actualmente trabajo en el sector TIC.','https://cdn.pascualbravo.edu.co/avatars/u0056.jpg',NULL,'2026-05-09 01:51:04'),
  (57,57,'campus0057007','Docente comprometido con la formación de ingenieros íntegros y creativos.','https://cdn.pascualbravo.edu.co/avatars/u0057.jpg',2,'2026-02-27 15:16:21'),
  (58,58,'campus00582026','Ex estudiante retomando su carrera con nuevas metas y mucha motivación.','https://cdn.pascualbravo.edu.co/avatars/u0058.jpg',NULL,'2026-02-08 22:55:32'),
  (59,59,'tech00592026','Monitor académico y miembro activo del semillero de investigación.','https://cdn.pascualbravo.edu.co/avatars/u0059.jpg',2,'2026-01-28 19:39:50'),
  (60,60,'tech00602026','Ex estudiante retomando su carrera con nuevas metas y mucha motivación.','https://cdn.pascualbravo.edu.co/avatars/u0060.jpg',NULL,'2026-01-31 06:58:23'),
  (61,61,'dev0061medellin','Monitor académico y miembro activo del semillero de investigación.','https://cdn.pascualbravo.edu.co/avatars/u0061.jpg',8,'2026-01-26 04:41:23'),
  (62,62,'campus0062col','Docente comprometido con la formación de ingenieros íntegros y creativos.','https://cdn.pascualbravo.edu.co/avatars/u0062.jpg',8,'2026-04-17 00:15:53'),
  (63,63,'uni0063123','Gestora administrativa con amplia experiencia en entornos educativos.','https://cdn.pascualbravo.edu.co/avatars/u0063.jpg',2,'2026-03-10 11:45:48'),
  (64,64,'bravo0064123','Apasionado por la robótica, la IA y el desarrollo de soluciones tecnológicas.','https://cdn.pascualbravo.edu.co/avatars/u0064.jpg',NULL,'2026-05-16 13:50:14'),
  (65,65,'dev0065007','Emprendedor en el sector tecnológico. Creo en la educación como motor de cambio.','https://cdn.pascualbravo.edu.co/avatars/u0065.jpg',8,'2026-05-13 21:23:01'),
  (66,66,'uni0066col','Estudiante de tecnología con pasión por la innovación y el emprendimiento digital.','https://cdn.pascualbravo.edu.co/avatars/u0066.jpg',9,'2026-01-18 02:21:20'),
  (67,67,'bravo0067col','Emprendedor en el sector tecnológico. Creo en la educación como motor de cambio.','https://cdn.pascualbravo.edu.co/avatars/u0067.jpg',NULL,'2026-01-10 21:59:41'),
  (68,68,'dev00682026','Ex estudiante retomando su carrera con nuevas metas y mucha motivación.','https://cdn.pascualbravo.edu.co/avatars/u0068.jpg',7,'2026-04-13 21:44:35'),
  (69,69,'pascal0069123','Estudiante de últimos semestres, enfocado en proyectos de inteligencia artificial.','https://cdn.pascualbravo.edu.co/avatars/u0069.jpg',NULL,'2026-03-13 16:39:58'),
  (70,70,'dev0070007','Monitor académico y miembro activo del semillero de investigación.','https://cdn.pascualbravo.edu.co/avatars/u0070.jpg',9,'2026-04-24 22:22:56'),
  (71,71,'bravo0071itpb','Gestora administrativa con amplia experiencia en entornos educativos.','https://cdn.pascualbravo.edu.co/avatars/u0071.jpg',NULL,'2026-05-18 10:24:46'),
  (72,72,'dev0072medellin','Apasionado por la robótica, la IA y el desarrollo de soluciones tecnológicas.','https://cdn.pascualbravo.edu.co/avatars/u0072.jpg',NULL,'2026-03-21 16:21:48'),
  (73,73,'dev00732026','Estudiante de tecnología con pasión por la innovación y el emprendimiento digital.','https://cdn.pascualbravo.edu.co/avatars/u0073.jpg',9,'2026-03-08 07:53:49'),
  (74,74,'pascal0074007','Ex estudiante retomando su carrera con nuevas metas y mucha motivación.','https://cdn.pascualbravo.edu.co/avatars/u0074.jpg',NULL,'2026-01-16 11:16:40'),
  (75,75,'campus0075pb','Estudiante de tecnología con pasión por la innovación y el emprendimiento digital.','https://cdn.pascualbravo.edu.co/avatars/u0075.jpg',2,'2026-04-25 09:36:47'),
  (76,76,'ing0076star','Estudiante de últimos semestres, enfocado en proyectos de inteligencia artificial.','https://cdn.pascualbravo.edu.co/avatars/u0076.jpg',10,'2026-05-17 19:14:22'),
  (77,77,'pascal0077medellin','Docente de matemáticas con enfoque en pedagogía activa e innovación educativa.','https://cdn.pascualbravo.edu.co/avatars/u0077.jpg',7,'2026-05-14 23:15:06'),
  (78,78,'campus0078itpb','Estudiante de últimos semestres, enfocado en proyectos de inteligencia artificial.','https://cdn.pascualbravo.edu.co/avatars/u0078.jpg',3,'2026-04-19 13:05:05'),
  (79,79,'ing0079007','Egresado orgulloso del Pascual Bravo. Actualmente trabajo en el sector TIC.','https://cdn.pascualbravo.edu.co/avatars/u0079.jpg',8,'2026-01-20 11:43:33'),
  (80,80,'bravo0080007','Gestora administrativa con amplia experiencia en entornos educativos.','https://cdn.pascualbravo.edu.co/avatars/u0080.jpg',7,'2026-04-23 22:59:31'),
  (81,81,'bravo0081col','Egresado orgulloso del Pascual Bravo. Actualmente trabajo en el sector TIC.','https://cdn.pascualbravo.edu.co/avatars/u0081.jpg',8,'2026-04-28 04:45:32'),
  (82,82,'tech0082itpb','Monitor académico y miembro activo del semillero de investigación.','https://cdn.pascualbravo.edu.co/avatars/u0082.jpg',3,'2026-04-05 03:38:54'),
  (83,83,'bravo0083pb','Docente comprometido con la formación de ingenieros íntegros y creativos.','https://cdn.pascualbravo.edu.co/avatars/u0083.jpg',NULL,'2026-03-16 01:33:09'),
  (84,84,'tech0084123','Gestora administrativa con amplia experiencia en entornos educativos.','https://cdn.pascualbravo.edu.co/avatars/u0084.jpg',5,'2026-03-17 15:01:50'),
  (85,85,'dev0085col','Docente de matemáticas con enfoque en pedagogía activa e innovación educativa.','https://cdn.pascualbravo.edu.co/avatars/u0085.jpg',5,'2026-03-14 06:11:52'),
  (86,86,'uni00862026','Docente comprometido con la formación de ingenieros íntegros y creativos.','https://cdn.pascualbravo.edu.co/avatars/u0086.jpg',2,'2026-01-12 13:30:36'),
  (87,87,'pascal0087star','Estudiante de últimos semestres, enfocado en proyectos de inteligencia artificial.','https://cdn.pascualbravo.edu.co/avatars/u0087.jpg',8,'2026-02-03 04:32:40'),
  (88,88,'uni0088star','Monitor académico y miembro activo del semillero de investigación.','https://cdn.pascualbravo.edu.co/avatars/u0088.jpg',NULL,'2026-03-25 02:51:39'),
  (89,89,'bravo0089007','Apasionado por la robótica, la IA y el desarrollo de soluciones tecnológicas.','https://cdn.pascualbravo.edu.co/avatars/u0089.jpg',6,'2026-05-19 01:42:56'),
  (90,90,'uni0090medellin','Docente comprometido con la formación de ingenieros íntegros y creativos.','https://cdn.pascualbravo.edu.co/avatars/u0090.jpg',1,'2026-03-21 17:41:07'),
  (91,91,'tech0091itpb','Docente de matemáticas con enfoque en pedagogía activa e innovación educativa.','https://cdn.pascualbravo.edu.co/avatars/u0091.jpg',1,'2026-05-14 06:48:30'),
  (92,92,'ing0092pb','Ex estudiante retomando su carrera con nuevas metas y mucha motivación.','https://cdn.pascualbravo.edu.co/avatars/u0092.jpg',NULL,'2026-01-05 08:50:13'),
  (93,93,'code0093star','Docente comprometido con la formación de ingenieros íntegros y creativos.','https://cdn.pascualbravo.edu.co/avatars/u0093.jpg',10,'2026-03-24 12:37:02'),
  (94,94,'uni00942026','Estudiante de últimos semestres, enfocado en proyectos de inteligencia artificial.','https://cdn.pascualbravo.edu.co/avatars/u0094.jpg',7,'2026-01-07 16:20:24'),
  (95,95,'pascal0095pb','Docente comprometido con la formación de ingenieros íntegros y creativos.','https://cdn.pascualbravo.edu.co/avatars/u0095.jpg',9,'2026-02-13 09:09:11'),
  (96,96,'pascal0096pb','Egresado orgulloso del Pascual Bravo. Actualmente trabajo en el sector TIC.','https://cdn.pascualbravo.edu.co/avatars/u0096.jpg',NULL,'2026-04-15 21:10:03'),
  (97,97,'campus0097col','Estudiante de tecnología con pasión por la innovación y el emprendimiento digital.','https://cdn.pascualbravo.edu.co/avatars/u0097.jpg',5,'2026-04-10 03:20:09'),
  (98,98,'bravo0098123','Gestora administrativa con amplia experiencia en entornos educativos.','https://cdn.pascualbravo.edu.co/avatars/u0098.jpg',NULL,'2026-01-31 01:12:15'),
  (99,99,'code0099star','Ex estudiante retomando su carrera con nuevas metas y mucha motivación.','https://cdn.pascualbravo.edu.co/avatars/u0099.jpg',7,'2026-01-30 08:03:20'),
  (100,100,'uni0100007','Docente comprometido con la formación de ingenieros íntegros y creativos.','https://cdn.pascualbravo.edu.co/avatars/u0100.jpg',7,'2026-03-01 00:17:35'),
  (101,101,'tech0101itpb','Ex estudiante retomando su carrera con nuevas metas y mucha motivación.','https://cdn.pascualbravo.edu.co/avatars/u0101.jpg',3,'2026-03-19 18:26:28'),
  (102,102,'tech0102itpb','Egresado orgulloso del Pascual Bravo. Actualmente trabajo en el sector TIC.','https://cdn.pascualbravo.edu.co/avatars/u0102.jpg',NULL,'2026-02-13 07:34:27'),
  (103,103,'uni01032026','Estudiante de tecnología con pasión por la innovación y el emprendimiento digital.','https://cdn.pascualbravo.edu.co/avatars/u0103.jpg',10,'2026-03-16 20:10:00'),
  (104,104,'ing0104star','Gestora administrativa con amplia experiencia en entornos educativos.','https://cdn.pascualbravo.edu.co/avatars/u0104.jpg',7,'2026-03-31 20:13:37'),
  (105,105,'pascal01052026','Egresado orgulloso del Pascual Bravo. Actualmente trabajo en el sector TIC.','https://cdn.pascualbravo.edu.co/avatars/u0105.jpg',10,'2026-01-18 09:05:25'),
  (106,106,'tech0106col','Ex estudiante retomando su carrera con nuevas metas y mucha motivación.','https://cdn.pascualbravo.edu.co/avatars/u0106.jpg',7,'2026-02-23 19:32:51'),
  (107,107,'campus0107123','Gestora administrativa con amplia experiencia en entornos educativos.','https://cdn.pascualbravo.edu.co/avatars/u0107.jpg',8,'2026-03-11 07:42:20'),
  (108,108,'campus0108itpb','Monitor académico y miembro activo del semillero de investigación.','https://cdn.pascualbravo.edu.co/avatars/u0108.jpg',6,'2026-01-05 22:08:41'),
  (109,109,'ing0109star','Estudiante de tecnología con pasión por la innovación y el emprendimiento digital.','https://cdn.pascualbravo.edu.co/avatars/u0109.jpg',3,'2026-04-16 17:57:44'),
  (110,110,'uni0110007','Ex estudiante retomando su carrera con nuevas metas y mucha motivación.','https://cdn.pascualbravo.edu.co/avatars/u0110.jpg',NULL,'2026-01-20 17:01:57'),
  (111,111,'uni0111pb','Estudiante de últimos semestres, enfocado en proyectos de inteligencia artificial.','https://cdn.pascualbravo.edu.co/avatars/u0111.jpg',7,'2026-04-02 12:11:53'),
  (112,112,'ing0112pb','Monitor académico y miembro activo del semillero de investigación.','https://cdn.pascualbravo.edu.co/avatars/u0112.jpg',NULL,'2026-02-19 14:00:14'),
  (113,113,'ing0113medellin','Estudiante de últimos semestres, enfocado en proyectos de inteligencia artificial.','https://cdn.pascualbravo.edu.co/avatars/u0113.jpg',NULL,'2026-03-19 22:14:14'),
  (114,114,'uni0114123','Estudiante de tecnología con pasión por la innovación y el emprendimiento digital.','https://cdn.pascualbravo.edu.co/avatars/u0114.jpg',NULL,'2026-02-23 00:12:52'),
  (115,115,'bravo0115pb','Gestora administrativa con amplia experiencia en entornos educativos.','https://cdn.pascualbravo.edu.co/avatars/u0115.jpg',8,'2026-02-13 17:12:42'),
  (116,116,'dev0116pb','Docente de matemáticas con enfoque en pedagogía activa e innovación educativa.','https://cdn.pascualbravo.edu.co/avatars/u0116.jpg',NULL,'2026-01-17 04:16:59'),
  (117,117,'code0117medellin','Apasionado por la robótica, la IA y el desarrollo de soluciones tecnológicas.','https://cdn.pascualbravo.edu.co/avatars/u0117.jpg',1,'2026-05-17 19:16:43'),
  (118,118,'uni01182026','Emprendedor en el sector tecnológico. Creo en la educación como motor de cambio.','https://cdn.pascualbravo.edu.co/avatars/u0118.jpg',1,'2026-03-24 13:54:26'),
  (119,119,'pascal0119pb','Ex estudiante retomando su carrera con nuevas metas y mucha motivación.','https://cdn.pascualbravo.edu.co/avatars/u0119.jpg',6,'2026-05-13 01:56:46'),
  (120,120,'code01202026','Gestora administrativa con amplia experiencia en entornos educativos.','https://cdn.pascualbravo.edu.co/avatars/u0120.jpg',9,'2026-04-25 10:00:25'),
  (121,121,'code0121123','Docente comprometido con la formación de ingenieros íntegros y creativos.','https://cdn.pascualbravo.edu.co/avatars/u0121.jpg',1,'2026-02-27 22:27:04'),
  (122,122,'code0122itpb','Egresado orgulloso del Pascual Bravo. Actualmente trabajo en el sector TIC.','https://cdn.pascualbravo.edu.co/avatars/u0122.jpg',NULL,'2026-01-17 20:40:06'),
  (123,123,'ing0123star','Emprendedor en el sector tecnológico. Creo en la educación como motor de cambio.','https://cdn.pascualbravo.edu.co/avatars/u0123.jpg',10,'2026-03-27 08:15:06'),
  (124,124,'uni0124itpb','Estudiante de últimos semestres, enfocado en proyectos de inteligencia artificial.','https://cdn.pascualbravo.edu.co/avatars/u0124.jpg',6,'2026-05-14 07:04:49'),
  (125,125,'uni0125pb','Monitor académico y miembro activo del semillero de investigación.','https://cdn.pascualbravo.edu.co/avatars/u0125.jpg',2,'2026-01-16 01:24:20'),
  (126,126,'tech0126col','Estudiante de tecnología con pasión por la innovación y el emprendimiento digital.','https://cdn.pascualbravo.edu.co/avatars/u0126.jpg',8,'2026-01-15 09:39:40'),
  (127,127,'bravo0127pb','Docente comprometido con la formación de ingenieros íntegros y creativos.','https://cdn.pascualbravo.edu.co/avatars/u0127.jpg',9,'2026-01-14 09:54:24'),
  (128,128,'bravo0128pb','Docente de matemáticas con enfoque en pedagogía activa e innovación educativa.','https://cdn.pascualbravo.edu.co/avatars/u0128.jpg',4,'2026-01-03 14:24:29'),
  (129,129,'bravo0129pb','Estudiante de últimos semestres, enfocado en proyectos de inteligencia artificial.','https://cdn.pascualbravo.edu.co/avatars/u0129.jpg',1,'2026-04-27 16:21:37'),
  (130,130,'code0130pb','Docente comprometido con la formación de ingenieros íntegros y creativos.','https://cdn.pascualbravo.edu.co/avatars/u0130.jpg',NULL,'2026-01-18 18:50:53'),
  (131,131,'code0131col','Ex estudiante retomando su carrera con nuevas metas y mucha motivación.','https://cdn.pascualbravo.edu.co/avatars/u0131.jpg',NULL,'2026-04-18 15:46:39'),
  (132,132,'uni0132col','Apasionado por la robótica, la IA y el desarrollo de soluciones tecnológicas.','https://cdn.pascualbravo.edu.co/avatars/u0132.jpg',NULL,'2026-01-12 01:08:19'),
  (133,133,'bravo0133123','Gestora administrativa con amplia experiencia en entornos educativos.','https://cdn.pascualbravo.edu.co/avatars/u0133.jpg',9,'2026-02-07 04:30:19'),
  (134,134,'campus0134medellin','Estudiante de últimos semestres, enfocado en proyectos de inteligencia artificial.','https://cdn.pascualbravo.edu.co/avatars/u0134.jpg',9,'2026-02-07 01:15:32'),
  (135,135,'ing0135007','Estudiante de últimos semestres, enfocado en proyectos de inteligencia artificial.','https://cdn.pascualbravo.edu.co/avatars/u0135.jpg',NULL,'2026-02-21 20:58:12'),
  (136,136,'tech0136123','Apasionado por la robótica, la IA y el desarrollo de soluciones tecnológicas.','https://cdn.pascualbravo.edu.co/avatars/u0136.jpg',8,'2026-03-26 18:36:21'),
  (137,137,'pascal0137007','Estudiante de últimos semestres, enfocado en proyectos de inteligencia artificial.','https://cdn.pascualbravo.edu.co/avatars/u0137.jpg',NULL,'2026-04-27 01:31:14'),
  (138,138,'ing0138itpb','Apasionado por la robótica, la IA y el desarrollo de soluciones tecnológicas.','https://cdn.pascualbravo.edu.co/avatars/u0138.jpg',4,'2026-03-03 15:47:49'),
  (139,139,'campus0139007','Apasionado por la robótica, la IA y el desarrollo de soluciones tecnológicas.','https://cdn.pascualbravo.edu.co/avatars/u0139.jpg',1,'2026-04-03 00:04:22'),
  (140,140,'ing0140pb','Egresado orgulloso del Pascual Bravo. Actualmente trabajo en el sector TIC.','https://cdn.pascualbravo.edu.co/avatars/u0140.jpg',NULL,'2026-02-19 20:37:58'),
  (141,141,'campus01412026','Estudiante de tecnología con pasión por la innovación y el emprendimiento digital.','https://cdn.pascualbravo.edu.co/avatars/u0141.jpg',NULL,'2026-03-14 05:14:56'),
  (142,142,'pascal0142col','Estudiante de últimos semestres, enfocado en proyectos de inteligencia artificial.','https://cdn.pascualbravo.edu.co/avatars/u0142.jpg',4,'2026-02-15 06:01:11'),
  (143,143,'pascal0143pb','Estudiante de tecnología con pasión por la innovación y el emprendimiento digital.','https://cdn.pascualbravo.edu.co/avatars/u0143.jpg',3,'2026-04-08 20:50:56'),
  (144,144,'tech0144123','Apasionado por la robótica, la IA y el desarrollo de soluciones tecnológicas.','https://cdn.pascualbravo.edu.co/avatars/u0144.jpg',NULL,'2026-03-03 11:51:23'),
  (145,145,'dev0145007','Docente comprometido con la formación de ingenieros íntegros y creativos.','https://cdn.pascualbravo.edu.co/avatars/u0145.jpg',NULL,'2026-02-03 06:12:34'),
  (146,146,'bravo0146123','Estudiante de últimos semestres, enfocado en proyectos de inteligencia artificial.','https://cdn.pascualbravo.edu.co/avatars/u0146.jpg',4,'2026-01-12 19:37:12'),
  (147,147,'pascal0147col','Estudiante de últimos semestres, enfocado en proyectos de inteligencia artificial.','https://cdn.pascualbravo.edu.co/avatars/u0147.jpg',NULL,'2026-03-13 04:54:32'),
  (148,148,'uni0148itpb','Docente comprometido con la formación de ingenieros íntegros y creativos.','https://cdn.pascualbravo.edu.co/avatars/u0148.jpg',10,'2026-01-17 05:32:24'),
  (149,149,'campus0149star','Ex estudiante retomando su carrera con nuevas metas y mucha motivación.','https://cdn.pascualbravo.edu.co/avatars/u0149.jpg',6,'2026-04-06 16:44:30'),
  (150,150,'uni0150star','Gestora administrativa con amplia experiencia en entornos educativos.','https://cdn.pascualbravo.edu.co/avatars/u0150.jpg',10,'2026-01-10 06:14:57'),
  (151,151,'code0151star','Apasionado por la robótica, la IA y el desarrollo de soluciones tecnológicas.','https://cdn.pascualbravo.edu.co/avatars/u0151.jpg',NULL,'2026-03-20 13:56:24'),
  (152,152,'dev0152123','Gestora administrativa con amplia experiencia en entornos educativos.','https://cdn.pascualbravo.edu.co/avatars/u0152.jpg',3,'2026-01-22 09:28:33'),
  (153,153,'campus0153itpb','Docente de matemáticas con enfoque en pedagogía activa e innovación educativa.','https://cdn.pascualbravo.edu.co/avatars/u0153.jpg',NULL,'2026-05-12 19:21:27'),
  (154,154,'uni0154star','Emprendedor en el sector tecnológico. Creo en la educación como motor de cambio.','https://cdn.pascualbravo.edu.co/avatars/u0154.jpg',8,'2026-03-23 08:24:01'),
  (155,155,'dev0155star','Apasionado por la robótica, la IA y el desarrollo de soluciones tecnológicas.','https://cdn.pascualbravo.edu.co/avatars/u0155.jpg',NULL,'2026-01-20 11:57:05'),
  (156,156,'pascal0156pb','Gestora administrativa con amplia experiencia en entornos educativos.','https://cdn.pascualbravo.edu.co/avatars/u0156.jpg',2,'2026-01-31 02:23:02'),
  (157,157,'code0157123','Apasionado por la robótica, la IA y el desarrollo de soluciones tecnológicas.','https://cdn.pascualbravo.edu.co/avatars/u0157.jpg',5,'2026-03-19 23:52:49'),
  (158,158,'pascal0158itpb','Docente de matemáticas con enfoque en pedagogía activa e innovación educativa.','https://cdn.pascualbravo.edu.co/avatars/u0158.jpg',9,'2026-03-08 00:49:19'),
  (159,159,'pascal0159123','Emprendedor en el sector tecnológico. Creo en la educación como motor de cambio.','https://cdn.pascualbravo.edu.co/avatars/u0159.jpg',10,'2026-01-04 15:41:32'),
  (160,160,'dev0160007','Apasionado por la robótica, la IA y el desarrollo de soluciones tecnológicas.','https://cdn.pascualbravo.edu.co/avatars/u0160.jpg',NULL,'2026-02-23 15:14:33'),
  (161,161,'uni0161star','Estudiante de últimos semestres, enfocado en proyectos de inteligencia artificial.','https://cdn.pascualbravo.edu.co/avatars/u0161.jpg',6,'2026-02-18 13:49:44'),
  (162,162,'bravo0162itpb','Monitor académico y miembro activo del semillero de investigación.','https://cdn.pascualbravo.edu.co/avatars/u0162.jpg',9,'2026-01-08 11:08:36'),
  (163,163,'dev0163medellin','Estudiante de tecnología con pasión por la innovación y el emprendimiento digital.','https://cdn.pascualbravo.edu.co/avatars/u0163.jpg',6,'2026-03-28 07:26:27'),
  (164,164,'bravo0164medellin','Estudiante de últimos semestres, enfocado en proyectos de inteligencia artificial.','https://cdn.pascualbravo.edu.co/avatars/u0164.jpg',10,'2026-01-09 04:09:21'),
  (165,165,'bravo0165007','Apasionado por la robótica, la IA y el desarrollo de soluciones tecnológicas.','https://cdn.pascualbravo.edu.co/avatars/u0165.jpg',2,'2026-05-17 12:12:30'),
  (166,166,'tech0166123','Docente de matemáticas con enfoque en pedagogía activa e innovación educativa.','https://cdn.pascualbravo.edu.co/avatars/u0166.jpg',5,'2026-01-24 05:06:43'),
  (167,167,'dev01672026','Docente de matemáticas con enfoque en pedagogía activa e innovación educativa.','https://cdn.pascualbravo.edu.co/avatars/u0167.jpg',3,'2026-02-20 02:58:24'),
  (168,168,'pascal0168itpb','Apasionado por la robótica, la IA y el desarrollo de soluciones tecnológicas.','https://cdn.pascualbravo.edu.co/avatars/u0168.jpg',NULL,'2026-05-15 02:29:03'),
  (169,169,'campus01692026','Egresado orgulloso del Pascual Bravo. Actualmente trabajo en el sector TIC.','https://cdn.pascualbravo.edu.co/avatars/u0169.jpg',NULL,'2026-04-16 12:10:07'),
  (170,170,'dev0170007','Monitor académico y miembro activo del semillero de investigación.','https://cdn.pascualbravo.edu.co/avatars/u0170.jpg',7,'2026-02-22 04:55:13'),
  (171,171,'pascal0171007','Monitor académico y miembro activo del semillero de investigación.','https://cdn.pascualbravo.edu.co/avatars/u0171.jpg',NULL,'2026-03-21 18:12:32'),
  (172,172,'uni0172medellin','Apasionado por la robótica, la IA y el desarrollo de soluciones tecnológicas.','https://cdn.pascualbravo.edu.co/avatars/u0172.jpg',NULL,'2026-02-06 14:04:52'),
  (173,173,'bravo0173itpb','Ex estudiante retomando su carrera con nuevas metas y mucha motivación.','https://cdn.pascualbravo.edu.co/avatars/u0173.jpg',NULL,'2026-05-06 14:29:36'),
  (174,174,'ing0174pb','Gestora administrativa con amplia experiencia en entornos educativos.','https://cdn.pascualbravo.edu.co/avatars/u0174.jpg',8,'2026-03-30 22:53:45'),
  (175,175,'pascal0175007','Docente de matemáticas con enfoque en pedagogía activa e innovación educativa.','https://cdn.pascualbravo.edu.co/avatars/u0175.jpg',3,'2026-04-17 07:11:57'),
  (176,176,'bravo0176star','Emprendedor en el sector tecnológico. Creo en la educación como motor de cambio.','https://cdn.pascualbravo.edu.co/avatars/u0176.jpg',3,'2026-01-25 12:44:02'),
  (177,177,'code0177col','Gestora administrativa con amplia experiencia en entornos educativos.','https://cdn.pascualbravo.edu.co/avatars/u0177.jpg',9,'2026-03-16 21:58:04'),
  (178,178,'code0178star','Emprendedor en el sector tecnológico. Creo en la educación como motor de cambio.','https://cdn.pascualbravo.edu.co/avatars/u0178.jpg',9,'2026-02-01 11:04:48'),
  (179,179,'tech0179123','Emprendedor en el sector tecnológico. Creo en la educación como motor de cambio.','https://cdn.pascualbravo.edu.co/avatars/u0179.jpg',5,'2026-02-23 16:02:29'),
  (180,180,'ing0180pb','Monitor académico y miembro activo del semillero de investigación.','https://cdn.pascualbravo.edu.co/avatars/u0180.jpg',NULL,'2026-04-13 06:25:02'),
  (181,181,'ing0181medellin','Docente comprometido con la formación de ingenieros íntegros y creativos.','https://cdn.pascualbravo.edu.co/avatars/u0181.jpg',3,'2026-03-25 21:47:29'),
  (182,182,'uni0182star','Docente comprometido con la formación de ingenieros íntegros y creativos.','https://cdn.pascualbravo.edu.co/avatars/u0182.jpg',NULL,'2026-03-04 22:28:08'),
  (183,183,'uni0183medellin','Egresado orgulloso del Pascual Bravo. Actualmente trabajo en el sector TIC.','https://cdn.pascualbravo.edu.co/avatars/u0183.jpg',NULL,'2026-01-05 19:06:11'),
  (184,184,'pascal0184pb','Ex estudiante retomando su carrera con nuevas metas y mucha motivación.','https://cdn.pascualbravo.edu.co/avatars/u0184.jpg',3,'2026-01-20 21:48:00'),
  (185,185,'pascal0185col','Monitor académico y miembro activo del semillero de investigación.','https://cdn.pascualbravo.edu.co/avatars/u0185.jpg',NULL,'2026-02-25 22:02:57'),
  (186,186,'code0186star','Estudiante de tecnología con pasión por la innovación y el emprendimiento digital.','https://cdn.pascualbravo.edu.co/avatars/u0186.jpg',9,'2026-01-27 12:44:19'),
  (187,187,'uni01872026','Docente de matemáticas con enfoque en pedagogía activa e innovación educativa.','https://cdn.pascualbravo.edu.co/avatars/u0187.jpg',NULL,'2026-04-07 06:59:15'),
  (188,188,'campus0188itpb','Apasionado por la robótica, la IA y el desarrollo de soluciones tecnológicas.','https://cdn.pascualbravo.edu.co/avatars/u0188.jpg',NULL,'2026-04-18 00:00:21'),
  (189,189,'code0189pb','Apasionado por la robótica, la IA y el desarrollo de soluciones tecnológicas.','https://cdn.pascualbravo.edu.co/avatars/u0189.jpg',2,'2026-02-12 23:10:02'),
  (190,190,'bravo0190pb','Estudiante de últimos semestres, enfocado en proyectos de inteligencia artificial.','https://cdn.pascualbravo.edu.co/avatars/u0190.jpg',NULL,'2026-02-18 19:13:59'),
  (191,191,'bravo0191007','Docente comprometido con la formación de ingenieros íntegros y creativos.','https://cdn.pascualbravo.edu.co/avatars/u0191.jpg',NULL,'2026-01-28 11:20:11'),
  (192,192,'ing0192007','Estudiante de últimos semestres, enfocado en proyectos de inteligencia artificial.','https://cdn.pascualbravo.edu.co/avatars/u0192.jpg',NULL,'2026-02-24 14:14:04'),
  (193,193,'pascal0193123','Estudiante de tecnología con pasión por la innovación y el emprendimiento digital.','https://cdn.pascualbravo.edu.co/avatars/u0193.jpg',NULL,'2026-02-25 13:19:49'),
  (194,194,'uni0194pb','Ex estudiante retomando su carrera con nuevas metas y mucha motivación.','https://cdn.pascualbravo.edu.co/avatars/u0194.jpg',10,'2026-02-13 08:06:38'),
  (195,195,'campus0195007','Egresado orgulloso del Pascual Bravo. Actualmente trabajo en el sector TIC.','https://cdn.pascualbravo.edu.co/avatars/u0195.jpg',NULL,'2026-03-23 21:30:04'),
  (196,196,'campus01962026','Docente de matemáticas con enfoque en pedagogía activa e innovación educativa.','https://cdn.pascualbravo.edu.co/avatars/u0196.jpg',8,'2026-04-08 16:40:47'),
  (197,197,'code01972026','Apasionado por la robótica, la IA y el desarrollo de soluciones tecnológicas.','https://cdn.pascualbravo.edu.co/avatars/u0197.jpg',NULL,'2026-02-01 09:15:47'),
  (198,198,'bravo0198itpb','Docente de matemáticas con enfoque en pedagogía activa e innovación educativa.','https://cdn.pascualbravo.edu.co/avatars/u0198.jpg',NULL,'2026-02-05 11:31:18'),
  (199,199,'code0199col','Emprendedor en el sector tecnológico. Creo en la educación como motor de cambio.','https://cdn.pascualbravo.edu.co/avatars/u0199.jpg',NULL,'2026-01-10 07:59:46'),
  (200,200,'uni0200123','Egresado orgulloso del Pascual Bravo. Actualmente trabajo en el sector TIC.','https://cdn.pascualbravo.edu.co/avatars/u0200.jpg',NULL,'2026-01-11 16:50:26'),
  (201,201,'pascal02012026','Apasionado por la robótica, la IA y el desarrollo de soluciones tecnológicas.','https://cdn.pascualbravo.edu.co/avatars/u0201.jpg',6,'2026-03-29 07:13:34'),
  (202,202,'ing0202itpb','Apasionado por la robótica, la IA y el desarrollo de soluciones tecnológicas.','https://cdn.pascualbravo.edu.co/avatars/u0202.jpg',7,'2026-05-14 10:11:28'),
  (203,203,'ing0203pb','Monitor académico y miembro activo del semillero de investigación.','https://cdn.pascualbravo.edu.co/avatars/u0203.jpg',NULL,'2026-02-19 01:40:09'),
  (204,204,'code0204col','Docente comprometido con la formación de ingenieros íntegros y creativos.','https://cdn.pascualbravo.edu.co/avatars/u0204.jpg',NULL,'2026-05-21 06:15:32'),
  (205,205,'tech0205007','Monitor académico y miembro activo del semillero de investigación.','https://cdn.pascualbravo.edu.co/avatars/u0205.jpg',NULL,'2026-02-20 07:27:11'),
  (206,206,'code0206medellin','Gestora administrativa con amplia experiencia en entornos educativos.','https://cdn.pascualbravo.edu.co/avatars/u0206.jpg',4,'2026-03-11 15:05:23'),
  (207,207,'bravo0207007','Egresado orgulloso del Pascual Bravo. Actualmente trabajo en el sector TIC.','https://cdn.pascualbravo.edu.co/avatars/u0207.jpg',7,'2026-05-10 19:47:27'),
  (208,208,'dev0208star','Estudiante de tecnología con pasión por la innovación y el emprendimiento digital.','https://cdn.pascualbravo.edu.co/avatars/u0208.jpg',7,'2026-01-22 09:38:34'),
  (209,209,'dev0209col','Gestora administrativa con amplia experiencia en entornos educativos.','https://cdn.pascualbravo.edu.co/avatars/u0209.jpg',NULL,'2026-03-20 14:18:24'),
  (210,210,'uni0210pb','Estudiante de últimos semestres, enfocado en proyectos de inteligencia artificial.','https://cdn.pascualbravo.edu.co/avatars/u0210.jpg',NULL,'2026-05-01 06:09:58'),
  (211,211,'code02112026','Estudiante de tecnología con pasión por la innovación y el emprendimiento digital.','https://cdn.pascualbravo.edu.co/avatars/u0211.jpg',6,'2026-05-06 12:59:26'),
  (212,212,'bravo0212123','Emprendedor en el sector tecnológico. Creo en la educación como motor de cambio.','https://cdn.pascualbravo.edu.co/avatars/u0212.jpg',10,'2026-01-19 13:56:02'),
  (213,213,'tech0213007','Docente de matemáticas con enfoque en pedagogía activa e innovación educativa.','https://cdn.pascualbravo.edu.co/avatars/u0213.jpg',NULL,'2026-04-22 08:49:58'),
  (214,214,'campus0214star','Estudiante de últimos semestres, enfocado en proyectos de inteligencia artificial.','https://cdn.pascualbravo.edu.co/avatars/u0214.jpg',7,'2026-04-19 23:15:15'),
  (215,215,'uni02152026','Estudiante de últimos semestres, enfocado en proyectos de inteligencia artificial.','https://cdn.pascualbravo.edu.co/avatars/u0215.jpg',1,'2026-02-07 08:38:29'),
  (216,216,'dev0216medellin','Apasionado por la robótica, la IA y el desarrollo de soluciones tecnológicas.','https://cdn.pascualbravo.edu.co/avatars/u0216.jpg',3,'2026-01-04 03:49:05'),
  (217,217,'bravo0217007','Docente de matemáticas con enfoque en pedagogía activa e innovación educativa.','https://cdn.pascualbravo.edu.co/avatars/u0217.jpg',2,'2026-05-13 06:56:27'),
  (218,218,'dev0218007','Gestora administrativa con amplia experiencia en entornos educativos.','https://cdn.pascualbravo.edu.co/avatars/u0218.jpg',9,'2026-05-17 21:56:24'),
  (219,219,'pascal0219007','Docente comprometido con la formación de ingenieros íntegros y creativos.','https://cdn.pascualbravo.edu.co/avatars/u0219.jpg',NULL,'2026-03-30 04:17:47'),
  (220,220,'code0220007','Gestora administrativa con amplia experiencia en entornos educativos.','https://cdn.pascualbravo.edu.co/avatars/u0220.jpg',NULL,'2026-02-13 15:00:06'),
  (221,221,'tech0221007','Ex estudiante retomando su carrera con nuevas metas y mucha motivación.','https://cdn.pascualbravo.edu.co/avatars/u0221.jpg',5,'2026-04-21 05:11:23'),
  (222,222,'dev0222col','Apasionado por la robótica, la IA y el desarrollo de soluciones tecnológicas.','https://cdn.pascualbravo.edu.co/avatars/u0222.jpg',9,'2026-01-29 14:36:52'),
  (223,223,'code0223col','Apasionado por la robótica, la IA y el desarrollo de soluciones tecnológicas.','https://cdn.pascualbravo.edu.co/avatars/u0223.jpg',NULL,'2026-02-16 06:16:57'),
  (224,224,'bravo0224star','Docente de matemáticas con enfoque en pedagogía activa e innovación educativa.','https://cdn.pascualbravo.edu.co/avatars/u0224.jpg',NULL,'2026-02-12 02:18:05'),
  (225,225,'bravo0225pb','Gestora administrativa con amplia experiencia en entornos educativos.','https://cdn.pascualbravo.edu.co/avatars/u0225.jpg',NULL,'2026-01-08 18:15:30'),
  (226,226,'uni0226pb','Estudiante de tecnología con pasión por la innovación y el emprendimiento digital.','https://cdn.pascualbravo.edu.co/avatars/u0226.jpg',NULL,'2026-01-02 21:37:50'),
  (227,227,'ing0227pb','Apasionado por la robótica, la IA y el desarrollo de soluciones tecnológicas.','https://cdn.pascualbravo.edu.co/avatars/u0227.jpg',1,'2026-04-07 19:33:48'),
  (228,228,'pascal0228star','Monitor académico y miembro activo del semillero de investigación.','https://cdn.pascualbravo.edu.co/avatars/u0228.jpg',10,'2026-04-20 10:23:43'),
  (229,229,'campus0229123','Apasionado por la robótica, la IA y el desarrollo de soluciones tecnológicas.','https://cdn.pascualbravo.edu.co/avatars/u0229.jpg',7,'2026-04-07 19:03:22'),
  (230,230,'campus0230pb','Estudiante de tecnología con pasión por la innovación y el emprendimiento digital.','https://cdn.pascualbravo.edu.co/avatars/u0230.jpg',7,'2026-02-05 00:38:07'),
  (231,231,'pascal0231itpb','Estudiante de últimos semestres, enfocado en proyectos de inteligencia artificial.','https://cdn.pascualbravo.edu.co/avatars/u0231.jpg',8,'2026-05-12 13:42:12'),
  (232,232,'ing0232123','Estudiante de tecnología con pasión por la innovación y el emprendimiento digital.','https://cdn.pascualbravo.edu.co/avatars/u0232.jpg',1,'2026-03-25 21:28:14'),
  (233,233,'uni0233007','Docente de matemáticas con enfoque en pedagogía activa e innovación educativa.','https://cdn.pascualbravo.edu.co/avatars/u0233.jpg',6,'2026-04-20 15:42:54'),
  (234,234,'tech0234007','Gestora administrativa con amplia experiencia en entornos educativos.','https://cdn.pascualbravo.edu.co/avatars/u0234.jpg',3,'2026-05-14 18:50:54'),
  (235,235,'ing0235col','Monitor académico y miembro activo del semillero de investigación.','https://cdn.pascualbravo.edu.co/avatars/u0235.jpg',5,'2026-05-21 14:10:57'),
  (236,236,'uni0236pb','Monitor académico y miembro activo del semillero de investigación.','https://cdn.pascualbravo.edu.co/avatars/u0236.jpg',4,'2026-03-04 06:10:48'),
  (237,237,'tech0237pb','Emprendedor en el sector tecnológico. Creo en la educación como motor de cambio.','https://cdn.pascualbravo.edu.co/avatars/u0237.jpg',1,'2026-02-11 10:57:24'),
  (238,238,'pascal0238itpb','Gestora administrativa con amplia experiencia en entornos educativos.','https://cdn.pascualbravo.edu.co/avatars/u0238.jpg',2,'2026-02-04 17:40:46'),
  (239,239,'uni0239pb','Estudiante de últimos semestres, enfocado en proyectos de inteligencia artificial.','https://cdn.pascualbravo.edu.co/avatars/u0239.jpg',10,'2026-01-17 20:21:24'),
  (240,240,'bravo0240007','Apasionado por la robótica, la IA y el desarrollo de soluciones tecnológicas.','https://cdn.pascualbravo.edu.co/avatars/u0240.jpg',NULL,'2026-01-30 09:05:07'),
  (241,241,'tech0241123','Docente de matemáticas con enfoque en pedagogía activa e innovación educativa.','https://cdn.pascualbravo.edu.co/avatars/u0241.jpg',2,'2026-04-05 04:54:20'),
  (242,242,'bravo02422026','Gestora administrativa con amplia experiencia en entornos educativos.','https://cdn.pascualbravo.edu.co/avatars/u0242.jpg',NULL,'2026-05-18 06:54:24'),
  (243,243,'bravo0243123','Estudiante de últimos semestres, enfocado en proyectos de inteligencia artificial.','https://cdn.pascualbravo.edu.co/avatars/u0243.jpg',3,'2026-05-14 21:38:37'),
  (244,244,'code0244pb','Emprendedor en el sector tecnológico. Creo en la educación como motor de cambio.','https://cdn.pascualbravo.edu.co/avatars/u0244.jpg',NULL,'2026-04-28 10:09:52'),
  (245,245,'pascal0245itpb','Monitor académico y miembro activo del semillero de investigación.','https://cdn.pascualbravo.edu.co/avatars/u0245.jpg',3,'2026-03-14 04:47:42'),
  (246,246,'ing0246123','Gestora administrativa con amplia experiencia en entornos educativos.','https://cdn.pascualbravo.edu.co/avatars/u0246.jpg',2,'2026-03-12 22:36:30'),
  (247,247,'code0247star','Gestora administrativa con amplia experiencia en entornos educativos.','https://cdn.pascualbravo.edu.co/avatars/u0247.jpg',7,'2026-01-16 10:09:52'),
  (248,248,'code0248itpb','Estudiante de tecnología con pasión por la innovación y el emprendimiento digital.','https://cdn.pascualbravo.edu.co/avatars/u0248.jpg',3,'2026-05-05 23:25:19'),
  (249,249,'dev02492026','Ex estudiante retomando su carrera con nuevas metas y mucha motivación.','https://cdn.pascualbravo.edu.co/avatars/u0249.jpg',NULL,'2026-04-19 21:30:22'),
  (250,250,'bravo0250007','Docente comprometido con la formación de ingenieros íntegros y creativos.','https://cdn.pascualbravo.edu.co/avatars/u0250.jpg',5,'2026-03-14 22:59:12'),
  (251,251,'bravo0251pb','Egresado orgulloso del Pascual Bravo. Actualmente trabajo en el sector TIC.','https://cdn.pascualbravo.edu.co/avatars/u0251.jpg',NULL,'2026-01-14 22:19:29'),
  (252,252,'dev0252col','Monitor académico y miembro activo del semillero de investigación.','https://cdn.pascualbravo.edu.co/avatars/u0252.jpg',5,'2026-02-07 06:13:51'),
  (253,253,'code02532026','Estudiante de últimos semestres, enfocado en proyectos de inteligencia artificial.','https://cdn.pascualbravo.edu.co/avatars/u0253.jpg',10,'2026-01-27 21:50:54'),
  (254,254,'dev0254007','Emprendedor en el sector tecnológico. Creo en la educación como motor de cambio.','https://cdn.pascualbravo.edu.co/avatars/u0254.jpg',3,'2026-01-15 03:22:30'),
  (255,255,'dev02552026','Docente comprometido con la formación de ingenieros íntegros y creativos.','https://cdn.pascualbravo.edu.co/avatars/u0255.jpg',6,'2026-04-22 04:40:46'),
  (256,256,'bravo0256itpb','Estudiante de tecnología con pasión por la innovación y el emprendimiento digital.','https://cdn.pascualbravo.edu.co/avatars/u0256.jpg',NULL,'2026-04-12 15:19:44'),
  (257,257,'dev0257007','Docente comprometido con la formación de ingenieros íntegros y creativos.','https://cdn.pascualbravo.edu.co/avatars/u0257.jpg',7,'2026-03-12 20:41:28'),
  (258,258,'campus02582026','Docente comprometido con la formación de ingenieros íntegros y creativos.','https://cdn.pascualbravo.edu.co/avatars/u0258.jpg',NULL,'2026-02-01 15:41:42'),
  (259,259,'code02592026','Docente de matemáticas con enfoque en pedagogía activa e innovación educativa.','https://cdn.pascualbravo.edu.co/avatars/u0259.jpg',10,'2026-05-03 08:44:47'),
  (260,260,'tech0260col','Emprendedor en el sector tecnológico. Creo en la educación como motor de cambio.','https://cdn.pascualbravo.edu.co/avatars/u0260.jpg',7,'2026-03-18 18:08:06'),
  (261,261,'campus0261pb','Ex estudiante retomando su carrera con nuevas metas y mucha motivación.','https://cdn.pascualbravo.edu.co/avatars/u0261.jpg',NULL,'2026-01-06 12:35:52'),
  (262,262,'uni0262pb','Ex estudiante retomando su carrera con nuevas metas y mucha motivación.','https://cdn.pascualbravo.edu.co/avatars/u0262.jpg',9,'2026-02-01 06:42:57'),
  (263,263,'tech0263col','Docente de matemáticas con enfoque en pedagogía activa e innovación educativa.','https://cdn.pascualbravo.edu.co/avatars/u0263.jpg',1,'2026-04-25 10:07:02'),
  (264,264,'dev0264itpb','Egresado orgulloso del Pascual Bravo. Actualmente trabajo en el sector TIC.','https://cdn.pascualbravo.edu.co/avatars/u0264.jpg',NULL,'2026-03-07 01:05:07'),
  (265,265,'pascal0265123','Ex estudiante retomando su carrera con nuevas metas y mucha motivación.','https://cdn.pascualbravo.edu.co/avatars/u0265.jpg',NULL,'2026-01-01 07:19:02'),
  (266,266,'pascal0266star','Egresado orgulloso del Pascual Bravo. Actualmente trabajo en el sector TIC.','https://cdn.pascualbravo.edu.co/avatars/u0266.jpg',6,'2026-05-14 11:38:34'),
  (267,267,'code0267pb','Estudiante de tecnología con pasión por la innovación y el emprendimiento digital.','https://cdn.pascualbravo.edu.co/avatars/u0267.jpg',NULL,'2026-02-18 04:19:54'),
  (268,268,'code0268col','Docente de matemáticas con enfoque en pedagogía activa e innovación educativa.','https://cdn.pascualbravo.edu.co/avatars/u0268.jpg',10,'2026-04-02 08:08:46'),
  (269,269,'bravo0269pb','Ex estudiante retomando su carrera con nuevas metas y mucha motivación.','https://cdn.pascualbravo.edu.co/avatars/u0269.jpg',NULL,'2026-04-08 20:57:10'),
  (270,270,'bravo0270star','Docente comprometido con la formación de ingenieros íntegros y creativos.','https://cdn.pascualbravo.edu.co/avatars/u0270.jpg',7,'2026-02-06 17:13:04'),
  (271,271,'pascal0271itpb','Estudiante de últimos semestres, enfocado en proyectos de inteligencia artificial.','https://cdn.pascualbravo.edu.co/avatars/u0271.jpg',9,'2026-02-11 13:52:09'),
  (272,272,'campus0272007','Emprendedor en el sector tecnológico. Creo en la educación como motor de cambio.','https://cdn.pascualbravo.edu.co/avatars/u0272.jpg',NULL,'2026-03-05 02:17:07'),
  (273,273,'tech0273007','Docente comprometido con la formación de ingenieros íntegros y creativos.','https://cdn.pascualbravo.edu.co/avatars/u0273.jpg',NULL,'2026-01-23 11:58:21'),
  (274,274,'pascal0274col','Apasionado por la robótica, la IA y el desarrollo de soluciones tecnológicas.','https://cdn.pascualbravo.edu.co/avatars/u0274.jpg',NULL,'2026-01-26 12:14:24'),
  (275,275,'tech0275pb','Egresado orgulloso del Pascual Bravo. Actualmente trabajo en el sector TIC.','https://cdn.pascualbravo.edu.co/avatars/u0275.jpg',5,'2026-05-06 03:33:22'),
  (276,276,'pascal0276medellin','Docente de matemáticas con enfoque en pedagogía activa e innovación educativa.','https://cdn.pascualbravo.edu.co/avatars/u0276.jpg',NULL,'2026-01-13 05:20:48'),
  (277,277,'bravo0277col','Estudiante de últimos semestres, enfocado en proyectos de inteligencia artificial.','https://cdn.pascualbravo.edu.co/avatars/u0277.jpg',9,'2026-04-14 15:37:08'),
  (278,278,'pascal02782026','Ex estudiante retomando su carrera con nuevas metas y mucha motivación.','https://cdn.pascualbravo.edu.co/avatars/u0278.jpg',3,'2026-02-06 12:36:47'),
  (279,279,'pascal02792026','Estudiante de últimos semestres, enfocado en proyectos de inteligencia artificial.','https://cdn.pascualbravo.edu.co/avatars/u0279.jpg',4,'2026-04-18 22:29:11'),
  (280,280,'uni0280123','Monitor académico y miembro activo del semillero de investigación.','https://cdn.pascualbravo.edu.co/avatars/u0280.jpg',5,'2026-04-20 16:45:56'),
  (281,281,'code0281medellin','Docente comprometido con la formación de ingenieros íntegros y creativos.','https://cdn.pascualbravo.edu.co/avatars/u0281.jpg',7,'2026-03-22 02:40:05'),
  (282,282,'tech0282itpb','Docente comprometido con la formación de ingenieros íntegros y creativos.','https://cdn.pascualbravo.edu.co/avatars/u0282.jpg',NULL,'2026-01-15 02:47:18'),
  (283,283,'uni02832026','Emprendedor en el sector tecnológico. Creo en la educación como motor de cambio.','https://cdn.pascualbravo.edu.co/avatars/u0283.jpg',3,'2026-05-03 15:32:43'),
  (284,284,'tech0284007','Estudiante de tecnología con pasión por la innovación y el emprendimiento digital.','https://cdn.pascualbravo.edu.co/avatars/u0284.jpg',1,'2026-04-19 22:34:47'),
  (285,285,'campus0285itpb','Ex estudiante retomando su carrera con nuevas metas y mucha motivación.','https://cdn.pascualbravo.edu.co/avatars/u0285.jpg',1,'2026-04-25 05:43:59'),
  (286,286,'code0286col','Docente comprometido con la formación de ingenieros íntegros y creativos.','https://cdn.pascualbravo.edu.co/avatars/u0286.jpg',NULL,'2026-02-04 16:22:03'),
  (287,287,'bravo0287star','Emprendedor en el sector tecnológico. Creo en la educación como motor de cambio.','https://cdn.pascualbravo.edu.co/avatars/u0287.jpg',NULL,'2026-01-29 10:58:43'),
  (288,288,'code0288pb','Gestora administrativa con amplia experiencia en entornos educativos.','https://cdn.pascualbravo.edu.co/avatars/u0288.jpg',NULL,'2026-03-17 08:13:00'),
  (289,289,'bravo0289itpb','Gestora administrativa con amplia experiencia en entornos educativos.','https://cdn.pascualbravo.edu.co/avatars/u0289.jpg',9,'2026-01-10 14:57:39'),
  (290,290,'uni02902026','Estudiante de últimos semestres, enfocado en proyectos de inteligencia artificial.','https://cdn.pascualbravo.edu.co/avatars/u0290.jpg',NULL,'2026-04-28 10:19:22'),
  (291,291,'tech02912026','Estudiante de últimos semestres, enfocado en proyectos de inteligencia artificial.','https://cdn.pascualbravo.edu.co/avatars/u0291.jpg',3,'2026-04-13 11:00:06'),
  (292,292,'bravo0292star','Apasionado por la robótica, la IA y el desarrollo de soluciones tecnológicas.','https://cdn.pascualbravo.edu.co/avatars/u0292.jpg',NULL,'2026-05-12 04:26:07'),
  (293,293,'uni02932026','Egresado orgulloso del Pascual Bravo. Actualmente trabajo en el sector TIC.','https://cdn.pascualbravo.edu.co/avatars/u0293.jpg',5,'2026-02-27 15:25:23'),
  (294,294,'pascal0294123','Emprendedor en el sector tecnológico. Creo en la educación como motor de cambio.','https://cdn.pascualbravo.edu.co/avatars/u0294.jpg',9,'2026-03-10 03:28:42'),
  (295,295,'uni0295col','Egresado orgulloso del Pascual Bravo. Actualmente trabajo en el sector TIC.','https://cdn.pascualbravo.edu.co/avatars/u0295.jpg',NULL,'2026-04-22 00:22:56'),
  (296,296,'code0296pb','Apasionado por la robótica, la IA y el desarrollo de soluciones tecnológicas.','https://cdn.pascualbravo.edu.co/avatars/u0296.jpg',NULL,'2026-02-04 12:26:47'),
  (297,297,'campus02972026','Egresado orgulloso del Pascual Bravo. Actualmente trabajo en el sector TIC.','https://cdn.pascualbravo.edu.co/avatars/u0297.jpg',8,'2026-03-10 03:26:31'),
  (298,298,'uni0298col','Estudiante de últimos semestres, enfocado en proyectos de inteligencia artificial.','https://cdn.pascualbravo.edu.co/avatars/u0298.jpg',7,'2026-05-09 23:59:47'),
  (299,299,'bravo0299col','Docente comprometido con la formación de ingenieros íntegros y creativos.','https://cdn.pascualbravo.edu.co/avatars/u0299.jpg',1,'2026-02-02 04:22:32'),
  (300,300,'ing0300itpb','Estudiante de tecnología con pasión por la innovación y el emprendimiento digital.','https://cdn.pascualbravo.edu.co/avatars/u0300.jpg',6,'2026-04-20 19:47:00'),
  (301,301,'bravo0301star','Gestora administrativa con amplia experiencia en entornos educativos.','https://cdn.pascualbravo.edu.co/avatars/u0301.jpg',NULL,'2026-01-22 13:15:39'),
  (302,302,'dev0302col','Apasionado por la robótica, la IA y el desarrollo de soluciones tecnológicas.','https://cdn.pascualbravo.edu.co/avatars/u0302.jpg',NULL,'2026-01-30 08:44:15'),
  (303,303,'bravo0303itpb','Monitor académico y miembro activo del semillero de investigación.','https://cdn.pascualbravo.edu.co/avatars/u0303.jpg',2,'2026-05-09 19:11:12'),
  (304,304,'dev0304itpb','Docente comprometido con la formación de ingenieros íntegros y creativos.','https://cdn.pascualbravo.edu.co/avatars/u0304.jpg',NULL,'2026-01-10 08:12:59'),
  (305,305,'dev0305007','Estudiante de tecnología con pasión por la innovación y el emprendimiento digital.','https://cdn.pascualbravo.edu.co/avatars/u0305.jpg',2,'2026-01-14 12:26:33'),
  (306,306,'pascal0306itpb','Apasionado por la robótica, la IA y el desarrollo de soluciones tecnológicas.','https://cdn.pascualbravo.edu.co/avatars/u0306.jpg',NULL,'2026-05-03 01:32:27'),
  (307,307,'ing0307medellin','Docente comprometido con la formación de ingenieros íntegros y creativos.','https://cdn.pascualbravo.edu.co/avatars/u0307.jpg',NULL,'2026-03-13 11:45:26'),
  (308,308,'code0308123','Estudiante de tecnología con pasión por la innovación y el emprendimiento digital.','https://cdn.pascualbravo.edu.co/avatars/u0308.jpg',NULL,'2026-01-01 01:42:47'),
  (309,309,'campus0309itpb','Gestora administrativa con amplia experiencia en entornos educativos.','https://cdn.pascualbravo.edu.co/avatars/u0309.jpg',10,'2026-01-26 13:11:16'),
  (310,310,'uni0310123','Estudiante de últimos semestres, enfocado en proyectos de inteligencia artificial.','https://cdn.pascualbravo.edu.co/avatars/u0310.jpg',NULL,'2026-01-25 21:00:43'),
  (311,311,'dev0311123','Estudiante de últimos semestres, enfocado en proyectos de inteligencia artificial.','https://cdn.pascualbravo.edu.co/avatars/u0311.jpg',6,'2026-05-16 19:23:15'),
  (312,312,'pascal0312itpb','Docente de matemáticas con enfoque en pedagogía activa e innovación educativa.','https://cdn.pascualbravo.edu.co/avatars/u0312.jpg',NULL,'2026-01-28 04:40:47'),
  (313,313,'tech03132026','Docente de matemáticas con enfoque en pedagogía activa e innovación educativa.','https://cdn.pascualbravo.edu.co/avatars/u0313.jpg',4,'2026-02-19 22:28:59'),
  (314,314,'tech0314pb','Ex estudiante retomando su carrera con nuevas metas y mucha motivación.','https://cdn.pascualbravo.edu.co/avatars/u0314.jpg',5,'2026-05-02 06:34:46'),
  (315,315,'dev03152026','Egresado orgulloso del Pascual Bravo. Actualmente trabajo en el sector TIC.','https://cdn.pascualbravo.edu.co/avatars/u0315.jpg',NULL,'2026-05-21 22:16:57'),
  (316,316,'campus0316123','Monitor académico y miembro activo del semillero de investigación.','https://cdn.pascualbravo.edu.co/avatars/u0316.jpg',2,'2026-04-22 02:30:26'),
  (317,317,'ing0317col','Docente de matemáticas con enfoque en pedagogía activa e innovación educativa.','https://cdn.pascualbravo.edu.co/avatars/u0317.jpg',NULL,'2026-02-03 09:02:36'),
  (318,318,'ing0318itpb','Emprendedor en el sector tecnológico. Creo en la educación como motor de cambio.','https://cdn.pascualbravo.edu.co/avatars/u0318.jpg',9,'2026-05-12 02:10:28'),
  (319,319,'bravo0319007','Emprendedor en el sector tecnológico. Creo en la educación como motor de cambio.','https://cdn.pascualbravo.edu.co/avatars/u0319.jpg',4,'2026-02-17 00:10:36'),
  (320,320,'code03202026','Ex estudiante retomando su carrera con nuevas metas y mucha motivación.','https://cdn.pascualbravo.edu.co/avatars/u0320.jpg',9,'2026-03-08 09:54:14'),
  (321,321,'pascal0321medellin','Ex estudiante retomando su carrera con nuevas metas y mucha motivación.','https://cdn.pascualbravo.edu.co/avatars/u0321.jpg',NULL,'2026-02-27 01:34:15'),
  (322,322,'pascal03222026','Egresado orgulloso del Pascual Bravo. Actualmente trabajo en el sector TIC.','https://cdn.pascualbravo.edu.co/avatars/u0322.jpg',5,'2026-02-04 08:55:50'),
  (323,323,'ing0323itpb','Apasionado por la robótica, la IA y el desarrollo de soluciones tecnológicas.','https://cdn.pascualbravo.edu.co/avatars/u0323.jpg',1,'2026-03-30 20:38:23'),
  (324,324,'campus0324pb','Ex estudiante retomando su carrera con nuevas metas y mucha motivación.','https://cdn.pascualbravo.edu.co/avatars/u0324.jpg',NULL,'2026-02-04 13:57:39'),
  (325,325,'pascal0325123','Estudiante de tecnología con pasión por la innovación y el emprendimiento digital.','https://cdn.pascualbravo.edu.co/avatars/u0325.jpg',1,'2026-04-02 07:46:17'),
  (326,326,'dev0326medellin','Estudiante de tecnología con pasión por la innovación y el emprendimiento digital.','https://cdn.pascualbravo.edu.co/avatars/u0326.jpg',10,'2026-01-28 23:47:44'),
  (327,327,'bravo0327medellin','Docente de matemáticas con enfoque en pedagogía activa e innovación educativa.','https://cdn.pascualbravo.edu.co/avatars/u0327.jpg',8,'2026-02-26 10:17:13'),
  (328,328,'bravo0328col','Monitor académico y miembro activo del semillero de investigación.','https://cdn.pascualbravo.edu.co/avatars/u0328.jpg',NULL,'2026-04-22 11:09:57'),
  (329,329,'uni0329pb','Monitor académico y miembro activo del semillero de investigación.','https://cdn.pascualbravo.edu.co/avatars/u0329.jpg',NULL,'2026-02-17 05:12:36'),
  (330,330,'uni0330col','Gestora administrativa con amplia experiencia en entornos educativos.','https://cdn.pascualbravo.edu.co/avatars/u0330.jpg',NULL,'2026-02-11 05:52:25'),
  (331,331,'code0331pb','Egresado orgulloso del Pascual Bravo. Actualmente trabajo en el sector TIC.','https://cdn.pascualbravo.edu.co/avatars/u0331.jpg',NULL,'2026-03-04 14:58:41'),
  (332,332,'bravo0332pb','Ex estudiante retomando su carrera con nuevas metas y mucha motivación.','https://cdn.pascualbravo.edu.co/avatars/u0332.jpg',NULL,'2026-01-04 19:06:24'),
  (333,333,'bravo03332026','Docente comprometido con la formación de ingenieros íntegros y creativos.','https://cdn.pascualbravo.edu.co/avatars/u0333.jpg',1,'2026-02-03 07:49:05'),
  (334,334,'pascal0334col','Docente de matemáticas con enfoque en pedagogía activa e innovación educativa.','https://cdn.pascualbravo.edu.co/avatars/u0334.jpg',NULL,'2026-01-03 03:34:47'),
  (335,335,'campus0335pb','Apasionado por la robótica, la IA y el desarrollo de soluciones tecnológicas.','https://cdn.pascualbravo.edu.co/avatars/u0335.jpg',NULL,'2026-04-24 05:19:21'),
  (336,336,'uni0336col','Apasionado por la robótica, la IA y el desarrollo de soluciones tecnológicas.','https://cdn.pascualbravo.edu.co/avatars/u0336.jpg',NULL,'2026-03-10 20:34:07'),
  (337,337,'ing03372026','Docente comprometido con la formación de ingenieros íntegros y creativos.','https://cdn.pascualbravo.edu.co/avatars/u0337.jpg',2,'2026-05-11 13:09:00'),
  (338,338,'code03382026','Apasionado por la robótica, la IA y el desarrollo de soluciones tecnológicas.','https://cdn.pascualbravo.edu.co/avatars/u0338.jpg',3,'2026-04-01 20:18:14'),
  (339,339,'bravo0339pb','Monitor académico y miembro activo del semillero de investigación.','https://cdn.pascualbravo.edu.co/avatars/u0339.jpg',NULL,'2026-01-29 07:06:18'),
  (340,340,'campus0340pb','Docente de matemáticas con enfoque en pedagogía activa e innovación educativa.','https://cdn.pascualbravo.edu.co/avatars/u0340.jpg',NULL,'2026-04-03 02:57:02'),
  (341,341,'dev0341col','Emprendedor en el sector tecnológico. Creo en la educación como motor de cambio.','https://cdn.pascualbravo.edu.co/avatars/u0341.jpg',10,'2026-02-16 21:27:09'),
  (342,342,'pascal0342medellin','Estudiante de últimos semestres, enfocado en proyectos de inteligencia artificial.','https://cdn.pascualbravo.edu.co/avatars/u0342.jpg',5,'2026-05-08 21:23:59'),
  (343,343,'pascal0343pb','Estudiante de tecnología con pasión por la innovación y el emprendimiento digital.','https://cdn.pascualbravo.edu.co/avatars/u0343.jpg',3,'2026-02-07 10:09:24'),
  (344,344,'uni0344star','Docente comprometido con la formación de ingenieros íntegros y creativos.','https://cdn.pascualbravo.edu.co/avatars/u0344.jpg',NULL,'2026-04-20 23:17:09'),
  (345,345,'tech0345123','Egresado orgulloso del Pascual Bravo. Actualmente trabajo en el sector TIC.','https://cdn.pascualbravo.edu.co/avatars/u0345.jpg',NULL,'2026-04-09 11:20:31'),
  (346,346,'bravo0346star','Emprendedor en el sector tecnológico. Creo en la educación como motor de cambio.','https://cdn.pascualbravo.edu.co/avatars/u0346.jpg',6,'2026-02-05 20:58:15'),
  (347,347,'bravo0347007','Ex estudiante retomando su carrera con nuevas metas y mucha motivación.','https://cdn.pascualbravo.edu.co/avatars/u0347.jpg',9,'2026-05-07 17:34:52'),
  (348,348,'code0348007','Docente comprometido con la formación de ingenieros íntegros y creativos.','https://cdn.pascualbravo.edu.co/avatars/u0348.jpg',7,'2026-05-15 18:49:44'),
  (349,349,'code0349pb','Apasionado por la robótica, la IA y el desarrollo de soluciones tecnológicas.','https://cdn.pascualbravo.edu.co/avatars/u0349.jpg',NULL,'2026-02-22 00:23:35'),
  (350,350,'uni0350col','Docente comprometido con la formación de ingenieros íntegros y creativos.','https://cdn.pascualbravo.edu.co/avatars/u0350.jpg',NULL,'2026-03-31 11:54:54'),
  (351,351,'dev0351medellin','Monitor académico y miembro activo del semillero de investigación.','https://cdn.pascualbravo.edu.co/avatars/u0351.jpg',NULL,'2026-04-18 07:13:52'),
  (352,352,'code03522026','Egresado orgulloso del Pascual Bravo. Actualmente trabajo en el sector TIC.','https://cdn.pascualbravo.edu.co/avatars/u0352.jpg',NULL,'2026-02-06 12:46:01'),
  (353,353,'bravo0353123','Estudiante de tecnología con pasión por la innovación y el emprendimiento digital.','https://cdn.pascualbravo.edu.co/avatars/u0353.jpg',10,'2026-01-19 15:53:38'),
  (354,354,'dev03542026','Egresado orgulloso del Pascual Bravo. Actualmente trabajo en el sector TIC.','https://cdn.pascualbravo.edu.co/avatars/u0354.jpg',NULL,'2026-01-21 07:04:00'),
  (355,355,'bravo0355col','Egresado orgulloso del Pascual Bravo. Actualmente trabajo en el sector TIC.','https://cdn.pascualbravo.edu.co/avatars/u0355.jpg',3,'2026-05-16 22:19:30'),
  (356,356,'bravo0356123','Monitor académico y miembro activo del semillero de investigación.','https://cdn.pascualbravo.edu.co/avatars/u0356.jpg',1,'2026-03-15 03:09:03'),
  (357,357,'ing0357col','Ex estudiante retomando su carrera con nuevas metas y mucha motivación.','https://cdn.pascualbravo.edu.co/avatars/u0357.jpg',NULL,'2026-04-12 13:43:56'),
  (358,358,'uni0358medellin','Docente de matemáticas con enfoque en pedagogía activa e innovación educativa.','https://cdn.pascualbravo.edu.co/avatars/u0358.jpg',4,'2026-04-19 05:17:05'),
  (359,359,'bravo0359col','Apasionado por la robótica, la IA y el desarrollo de soluciones tecnológicas.','https://cdn.pascualbravo.edu.co/avatars/u0359.jpg',1,'2026-02-26 12:11:52'),
  (360,360,'tech0360star','Monitor académico y miembro activo del semillero de investigación.','https://cdn.pascualbravo.edu.co/avatars/u0360.jpg',NULL,'2026-04-14 12:10:03'),
  (361,361,'campus0361007','Apasionado por la robótica, la IA y el desarrollo de soluciones tecnológicas.','https://cdn.pascualbravo.edu.co/avatars/u0361.jpg',NULL,'2026-01-27 02:23:38'),
  (362,362,'campus03622026','Apasionado por la robótica, la IA y el desarrollo de soluciones tecnológicas.','https://cdn.pascualbravo.edu.co/avatars/u0362.jpg',NULL,'2026-05-19 03:04:13'),
  (363,363,'ing0363medellin','Apasionado por la robótica, la IA y el desarrollo de soluciones tecnológicas.','https://cdn.pascualbravo.edu.co/avatars/u0363.jpg',1,'2026-03-03 08:05:36'),
  (364,364,'ing0364star','Estudiante de tecnología con pasión por la innovación y el emprendimiento digital.','https://cdn.pascualbravo.edu.co/avatars/u0364.jpg',NULL,'2026-01-24 09:00:22'),
  (365,365,'pascal0365007','Ex estudiante retomando su carrera con nuevas metas y mucha motivación.','https://cdn.pascualbravo.edu.co/avatars/u0365.jpg',NULL,'2026-04-11 23:22:08'),
  (366,366,'tech0366123','Emprendedor en el sector tecnológico. Creo en la educación como motor de cambio.','https://cdn.pascualbravo.edu.co/avatars/u0366.jpg',9,'2026-01-26 16:51:49'),
  (367,367,'dev03672026','Docente de matemáticas con enfoque en pedagogía activa e innovación educativa.','https://cdn.pascualbravo.edu.co/avatars/u0367.jpg',8,'2026-01-10 09:10:09'),
  (368,368,'uni0368pb','Docente comprometido con la formación de ingenieros íntegros y creativos.','https://cdn.pascualbravo.edu.co/avatars/u0368.jpg',4,'2026-02-25 21:41:09'),
  (369,369,'dev0369123','Monitor académico y miembro activo del semillero de investigación.','https://cdn.pascualbravo.edu.co/avatars/u0369.jpg',6,'2026-03-16 11:39:54'),
  (370,370,'bravo03702026','Emprendedor en el sector tecnológico. Creo en la educación como motor de cambio.','https://cdn.pascualbravo.edu.co/avatars/u0370.jpg',NULL,'2026-01-20 04:36:40'),
  (371,371,'uni0371pb','Estudiante de tecnología con pasión por la innovación y el emprendimiento digital.','https://cdn.pascualbravo.edu.co/avatars/u0371.jpg',NULL,'2026-03-21 17:55:51'),
  (372,372,'tech0372star','Docente comprometido con la formación de ingenieros íntegros y creativos.','https://cdn.pascualbravo.edu.co/avatars/u0372.jpg',3,'2026-03-17 05:04:17'),
  (373,373,'campus0373123','Docente comprometido con la formación de ingenieros íntegros y creativos.','https://cdn.pascualbravo.edu.co/avatars/u0373.jpg',NULL,'2026-04-28 08:30:16'),
  (374,374,'uni0374col','Docente comprometido con la formación de ingenieros íntegros y creativos.','https://cdn.pascualbravo.edu.co/avatars/u0374.jpg',8,'2026-01-11 11:54:18'),
  (375,375,'bravo0375007','Docente de matemáticas con enfoque en pedagogía activa e innovación educativa.','https://cdn.pascualbravo.edu.co/avatars/u0375.jpg',3,'2026-04-23 11:32:54'),
  (376,376,'campus0376123','Docente comprometido con la formación de ingenieros íntegros y creativos.','https://cdn.pascualbravo.edu.co/avatars/u0376.jpg',9,'2026-04-26 08:56:56'),
  (377,377,'ing03772026','Apasionado por la robótica, la IA y el desarrollo de soluciones tecnológicas.','https://cdn.pascualbravo.edu.co/avatars/u0377.jpg',9,'2026-01-03 04:54:06'),
  (378,378,'pascal0378007','Egresado orgulloso del Pascual Bravo. Actualmente trabajo en el sector TIC.','https://cdn.pascualbravo.edu.co/avatars/u0378.jpg',2,'2026-02-27 12:55:29'),
  (379,379,'tech0379123','Monitor académico y miembro activo del semillero de investigación.','https://cdn.pascualbravo.edu.co/avatars/u0379.jpg',9,'2026-04-30 03:05:11'),
  (380,380,'tech0380007','Emprendedor en el sector tecnológico. Creo en la educación como motor de cambio.','https://cdn.pascualbravo.edu.co/avatars/u0380.jpg',NULL,'2026-03-26 02:20:21'),
  (381,381,'uni0381itpb','Monitor académico y miembro activo del semillero de investigación.','https://cdn.pascualbravo.edu.co/avatars/u0381.jpg',NULL,'2026-04-27 01:34:09'),
  (382,382,'uni0382col','Apasionado por la robótica, la IA y el desarrollo de soluciones tecnológicas.','https://cdn.pascualbravo.edu.co/avatars/u0382.jpg',NULL,'2026-01-09 19:49:24'),
  (383,383,'ing0383123','Emprendedor en el sector tecnológico. Creo en la educación como motor de cambio.','https://cdn.pascualbravo.edu.co/avatars/u0383.jpg',4,'2026-01-14 06:55:01'),
  (384,384,'bravo0384medellin','Gestora administrativa con amplia experiencia en entornos educativos.','https://cdn.pascualbravo.edu.co/avatars/u0384.jpg',2,'2026-02-06 02:17:25'),
  (385,385,'tech0385medellin','Monitor académico y miembro activo del semillero de investigación.','https://cdn.pascualbravo.edu.co/avatars/u0385.jpg',9,'2026-02-24 21:57:16'),
  (386,386,'dev03862026','Docente comprometido con la formación de ingenieros íntegros y creativos.','https://cdn.pascualbravo.edu.co/avatars/u0386.jpg',7,'2026-03-29 09:10:12'),
  (387,387,'campus0387007','Monitor académico y miembro activo del semillero de investigación.','https://cdn.pascualbravo.edu.co/avatars/u0387.jpg',3,'2026-04-22 11:58:44'),
  (388,388,'bravo03882026','Ex estudiante retomando su carrera con nuevas metas y mucha motivación.','https://cdn.pascualbravo.edu.co/avatars/u0388.jpg',10,'2026-02-20 02:46:42'),
  (389,389,'dev0389123','Estudiante de últimos semestres, enfocado en proyectos de inteligencia artificial.','https://cdn.pascualbravo.edu.co/avatars/u0389.jpg',NULL,'2026-04-28 04:31:55'),
  (390,390,'campus0390pb','Emprendedor en el sector tecnológico. Creo en la educación como motor de cambio.','https://cdn.pascualbravo.edu.co/avatars/u0390.jpg',NULL,'2026-01-01 14:53:54'),
  (391,391,'dev0391star','Docente de matemáticas con enfoque en pedagogía activa e innovación educativa.','https://cdn.pascualbravo.edu.co/avatars/u0391.jpg',NULL,'2026-02-25 23:12:26'),
  (392,392,'dev0392007','Apasionado por la robótica, la IA y el desarrollo de soluciones tecnológicas.','https://cdn.pascualbravo.edu.co/avatars/u0392.jpg',NULL,'2026-02-18 21:36:00'),
  (393,393,'campus0393123','Estudiante de tecnología con pasión por la innovación y el emprendimiento digital.','https://cdn.pascualbravo.edu.co/avatars/u0393.jpg',NULL,'2026-03-20 16:52:55'),
  (394,394,'tech0394star','Monitor académico y miembro activo del semillero de investigación.','https://cdn.pascualbravo.edu.co/avatars/u0394.jpg',6,'2026-04-01 17:27:33'),
  (395,395,'campus0395pb','Egresado orgulloso del Pascual Bravo. Actualmente trabajo en el sector TIC.','https://cdn.pascualbravo.edu.co/avatars/u0395.jpg',6,'2026-02-15 17:38:10'),
  (396,396,'bravo0396007','Gestora administrativa con amplia experiencia en entornos educativos.','https://cdn.pascualbravo.edu.co/avatars/u0396.jpg',7,'2026-03-14 22:39:59'),
  (397,397,'tech0397pb','Docente comprometido con la formación de ingenieros íntegros y creativos.','https://cdn.pascualbravo.edu.co/avatars/u0397.jpg',NULL,'2026-01-05 19:59:26'),
  (398,398,'tech0398star','Docente de matemáticas con enfoque en pedagogía activa e innovación educativa.','https://cdn.pascualbravo.edu.co/avatars/u0398.jpg',2,'2026-04-24 16:37:51'),
  (399,399,'ing0399medellin','Emprendedor en el sector tecnológico. Creo en la educación como motor de cambio.','https://cdn.pascualbravo.edu.co/avatars/u0399.jpg',NULL,'2026-04-27 17:24:07'),
  (400,400,'code0400star','Docente comprometido con la formación de ingenieros íntegros y creativos.','https://cdn.pascualbravo.edu.co/avatars/u0400.jpg',NULL,'2026-04-29 13:58:52'),
  (401,401,'bravo04012026','Estudiante de últimos semestres, enfocado en proyectos de inteligencia artificial.','https://cdn.pascualbravo.edu.co/avatars/u0401.jpg',9,'2026-03-14 08:56:42'),
  (402,402,'pascal0402medellin','Emprendedor en el sector tecnológico. Creo en la educación como motor de cambio.','https://cdn.pascualbravo.edu.co/avatars/u0402.jpg',1,'2026-04-17 01:00:01'),
  (403,403,'dev0403123','Ex estudiante retomando su carrera con nuevas metas y mucha motivación.','https://cdn.pascualbravo.edu.co/avatars/u0403.jpg',10,'2026-03-23 10:10:36'),
  (404,404,'bravo0404itpb','Ex estudiante retomando su carrera con nuevas metas y mucha motivación.','https://cdn.pascualbravo.edu.co/avatars/u0404.jpg',4,'2026-04-11 01:51:59'),
  (405,405,'bravo0405col','Emprendedor en el sector tecnológico. Creo en la educación como motor de cambio.','https://cdn.pascualbravo.edu.co/avatars/u0405.jpg',3,'2026-04-14 10:33:10'),
  (406,406,'bravo0406itpb','Docente comprometido con la formación de ingenieros íntegros y creativos.','https://cdn.pascualbravo.edu.co/avatars/u0406.jpg',3,'2026-05-10 03:40:36'),
  (407,407,'bravo0407medellin','Ex estudiante retomando su carrera con nuevas metas y mucha motivación.','https://cdn.pascualbravo.edu.co/avatars/u0407.jpg',NULL,'2026-03-24 06:05:05'),
  (408,408,'ing0408007','Estudiante de tecnología con pasión por la innovación y el emprendimiento digital.','https://cdn.pascualbravo.edu.co/avatars/u0408.jpg',10,'2026-02-09 00:39:45'),
  (409,409,'tech0409007','Estudiante de tecnología con pasión por la innovación y el emprendimiento digital.','https://cdn.pascualbravo.edu.co/avatars/u0409.jpg',3,'2026-04-27 20:40:49'),
  (410,410,'campus0410col','Apasionado por la robótica, la IA y el desarrollo de soluciones tecnológicas.','https://cdn.pascualbravo.edu.co/avatars/u0410.jpg',4,'2026-03-18 06:34:53'),
  (411,411,'code0411007','Gestora administrativa con amplia experiencia en entornos educativos.','https://cdn.pascualbravo.edu.co/avatars/u0411.jpg',5,'2026-01-22 04:40:01'),
  (412,412,'tech0412pb','Monitor académico y miembro activo del semillero de investigación.','https://cdn.pascualbravo.edu.co/avatars/u0412.jpg',2,'2026-01-28 04:18:16'),
  (413,413,'dev0413pb','Docente comprometido con la formación de ingenieros íntegros y creativos.','https://cdn.pascualbravo.edu.co/avatars/u0413.jpg',6,'2026-02-23 12:06:31'),
  (414,414,'ing0414007','Docente comprometido con la formación de ingenieros íntegros y creativos.','https://cdn.pascualbravo.edu.co/avatars/u0414.jpg',2,'2026-02-23 21:26:24'),
  (415,415,'campus0415star','Egresado orgulloso del Pascual Bravo. Actualmente trabajo en el sector TIC.','https://cdn.pascualbravo.edu.co/avatars/u0415.jpg',NULL,'2026-01-03 05:42:36'),
  (416,416,'ing0416pb','Estudiante de últimos semestres, enfocado en proyectos de inteligencia artificial.','https://cdn.pascualbravo.edu.co/avatars/u0416.jpg',8,'2026-05-20 00:10:33'),
  (417,417,'pascal0417pb','Apasionado por la robótica, la IA y el desarrollo de soluciones tecnológicas.','https://cdn.pascualbravo.edu.co/avatars/u0417.jpg',9,'2026-01-06 16:32:48'),
  (418,418,'dev0418itpb','Estudiante de últimos semestres, enfocado en proyectos de inteligencia artificial.','https://cdn.pascualbravo.edu.co/avatars/u0418.jpg',NULL,'2026-02-25 00:20:08'),
  (419,419,'code0419pb','Egresado orgulloso del Pascual Bravo. Actualmente trabajo en el sector TIC.','https://cdn.pascualbravo.edu.co/avatars/u0419.jpg',NULL,'2026-05-04 06:05:22'),
  (420,420,'pascal0420star','Monitor académico y miembro activo del semillero de investigación.','https://cdn.pascualbravo.edu.co/avatars/u0420.jpg',7,'2026-02-19 08:11:12'),
  (421,421,'pascal0421007','Docente comprometido con la formación de ingenieros íntegros y creativos.','https://cdn.pascualbravo.edu.co/avatars/u0421.jpg',10,'2026-03-21 05:50:13'),
  (422,422,'uni0422007','Monitor académico y miembro activo del semillero de investigación.','https://cdn.pascualbravo.edu.co/avatars/u0422.jpg',5,'2026-03-23 19:06:38'),
  (423,423,'bravo0423007','Apasionado por la robótica, la IA y el desarrollo de soluciones tecnológicas.','https://cdn.pascualbravo.edu.co/avatars/u0423.jpg',6,'2026-01-17 14:10:56'),
  (424,424,'ing0424medellin','Docente de matemáticas con enfoque en pedagogía activa e innovación educativa.','https://cdn.pascualbravo.edu.co/avatars/u0424.jpg',10,'2026-05-16 11:25:01'),
  (425,425,'tech0425col','Estudiante de últimos semestres, enfocado en proyectos de inteligencia artificial.','https://cdn.pascualbravo.edu.co/avatars/u0425.jpg',3,'2026-04-02 07:04:13'),
  (426,426,'campus0426123','Egresado orgulloso del Pascual Bravo. Actualmente trabajo en el sector TIC.','https://cdn.pascualbravo.edu.co/avatars/u0426.jpg',2,'2026-01-03 10:44:00'),
  (427,427,'campus0427itpb','Monitor académico y miembro activo del semillero de investigación.','https://cdn.pascualbravo.edu.co/avatars/u0427.jpg',6,'2026-03-01 17:04:24'),
  (428,428,'pascal0428itpb','Ex estudiante retomando su carrera con nuevas metas y mucha motivación.','https://cdn.pascualbravo.edu.co/avatars/u0428.jpg',NULL,'2026-03-13 22:38:56'),
  (429,429,'tech0429007','Emprendedor en el sector tecnológico. Creo en la educación como motor de cambio.','https://cdn.pascualbravo.edu.co/avatars/u0429.jpg',NULL,'2026-03-23 06:12:03'),
  (430,430,'uni0430star','Estudiante de tecnología con pasión por la innovación y el emprendimiento digital.','https://cdn.pascualbravo.edu.co/avatars/u0430.jpg',7,'2026-01-31 03:28:10'),
  (431,431,'campus0431007','Apasionado por la robótica, la IA y el desarrollo de soluciones tecnológicas.','https://cdn.pascualbravo.edu.co/avatars/u0431.jpg',5,'2026-01-05 20:50:54'),
  (432,432,'ing0432star','Gestora administrativa con amplia experiencia en entornos educativos.','https://cdn.pascualbravo.edu.co/avatars/u0432.jpg',NULL,'2026-04-14 01:57:34'),
  (433,433,'ing0433123','Estudiante de tecnología con pasión por la innovación y el emprendimiento digital.','https://cdn.pascualbravo.edu.co/avatars/u0433.jpg',NULL,'2026-01-25 13:46:19'),
  (434,434,'pascal0434123','Estudiante de últimos semestres, enfocado en proyectos de inteligencia artificial.','https://cdn.pascualbravo.edu.co/avatars/u0434.jpg',9,'2026-03-22 15:39:03'),
  (435,435,'bravo0435medellin','Monitor académico y miembro activo del semillero de investigación.','https://cdn.pascualbravo.edu.co/avatars/u0435.jpg',2,'2026-04-06 19:06:01'),
  (436,436,'code04362026','Estudiante de tecnología con pasión por la innovación y el emprendimiento digital.','https://cdn.pascualbravo.edu.co/avatars/u0436.jpg',NULL,'2026-03-24 22:46:27'),
  (437,437,'code0437col','Docente comprometido con la formación de ingenieros íntegros y creativos.','https://cdn.pascualbravo.edu.co/avatars/u0437.jpg',NULL,'2026-04-05 17:00:59'),
  (438,438,'ing0438medellin','Estudiante de tecnología con pasión por la innovación y el emprendimiento digital.','https://cdn.pascualbravo.edu.co/avatars/u0438.jpg',NULL,'2026-03-19 02:16:21'),
  (439,439,'bravo0439medellin','Egresado orgulloso del Pascual Bravo. Actualmente trabajo en el sector TIC.','https://cdn.pascualbravo.edu.co/avatars/u0439.jpg',10,'2026-04-28 03:08:20'),
  (440,440,'dev0440007','Monitor académico y miembro activo del semillero de investigación.','https://cdn.pascualbravo.edu.co/avatars/u0440.jpg',9,'2026-05-16 07:36:30'),
  (441,441,'uni0441medellin','Estudiante de últimos semestres, enfocado en proyectos de inteligencia artificial.','https://cdn.pascualbravo.edu.co/avatars/u0441.jpg',8,'2026-02-27 02:16:49'),
  (442,442,'pascal0442pb','Estudiante de últimos semestres, enfocado en proyectos de inteligencia artificial.','https://cdn.pascualbravo.edu.co/avatars/u0442.jpg',4,'2026-02-22 22:04:04'),
  (443,443,'uni04432026','Apasionado por la robótica, la IA y el desarrollo de soluciones tecnológicas.','https://cdn.pascualbravo.edu.co/avatars/u0443.jpg',NULL,'2026-02-25 14:52:24'),
  (444,444,'code0444star','Docente comprometido con la formación de ingenieros íntegros y creativos.','https://cdn.pascualbravo.edu.co/avatars/u0444.jpg',NULL,'2026-05-16 16:54:20'),
  (445,445,'pascal0445star','Egresado orgulloso del Pascual Bravo. Actualmente trabajo en el sector TIC.','https://cdn.pascualbravo.edu.co/avatars/u0445.jpg',2,'2026-02-03 07:58:23'),
  (446,446,'bravo0446star','Docente de matemáticas con enfoque en pedagogía activa e innovación educativa.','https://cdn.pascualbravo.edu.co/avatars/u0446.jpg',7,'2026-02-18 02:17:27'),
  (447,447,'dev0447medellin','Docente de matemáticas con enfoque en pedagogía activa e innovación educativa.','https://cdn.pascualbravo.edu.co/avatars/u0447.jpg',3,'2026-04-29 03:47:07'),
  (448,448,'code04482026','Monitor académico y miembro activo del semillero de investigación.','https://cdn.pascualbravo.edu.co/avatars/u0448.jpg',NULL,'2026-01-08 15:42:33'),
  (449,449,'uni0449123','Gestora administrativa con amplia experiencia en entornos educativos.','https://cdn.pascualbravo.edu.co/avatars/u0449.jpg',NULL,'2026-05-21 02:22:27'),
  (450,450,'code0450col','Emprendedor en el sector tecnológico. Creo en la educación como motor de cambio.','https://cdn.pascualbravo.edu.co/avatars/u0450.jpg',9,'2026-03-27 01:28:17'),
  (451,451,'campus0451pb','Estudiante de tecnología con pasión por la innovación y el emprendimiento digital.','https://cdn.pascualbravo.edu.co/avatars/u0451.jpg',7,'2026-02-19 09:12:25'),
  (452,452,'dev0452medellin','Ex estudiante retomando su carrera con nuevas metas y mucha motivación.','https://cdn.pascualbravo.edu.co/avatars/u0452.jpg',9,'2026-04-21 03:43:03'),
  (453,453,'code0453pb','Apasionado por la robótica, la IA y el desarrollo de soluciones tecnológicas.','https://cdn.pascualbravo.edu.co/avatars/u0453.jpg',NULL,'2026-01-10 18:17:15'),
  (454,454,'tech0454pb','Gestora administrativa con amplia experiencia en entornos educativos.','https://cdn.pascualbravo.edu.co/avatars/u0454.jpg',NULL,'2026-04-14 12:25:06'),
  (455,455,'code0455medellin','Monitor académico y miembro activo del semillero de investigación.','https://cdn.pascualbravo.edu.co/avatars/u0455.jpg',NULL,'2026-02-22 11:40:18'),
  (456,456,'pascal04562026','Docente comprometido con la formación de ingenieros íntegros y creativos.','https://cdn.pascualbravo.edu.co/avatars/u0456.jpg',NULL,'2026-05-03 23:19:54'),
  (457,457,'code0457col','Estudiante de últimos semestres, enfocado en proyectos de inteligencia artificial.','https://cdn.pascualbravo.edu.co/avatars/u0457.jpg',3,'2026-02-17 10:57:29'),
  (458,458,'dev04582026','Monitor académico y miembro activo del semillero de investigación.','https://cdn.pascualbravo.edu.co/avatars/u0458.jpg',1,'2026-02-15 08:56:04'),
  (459,459,'dev04592026','Docente de matemáticas con enfoque en pedagogía activa e innovación educativa.','https://cdn.pascualbravo.edu.co/avatars/u0459.jpg',NULL,'2026-05-02 18:00:31'),
  (460,460,'code0460star','Docente comprometido con la formación de ingenieros íntegros y creativos.','https://cdn.pascualbravo.edu.co/avatars/u0460.jpg',NULL,'2026-01-05 18:43:18'),
  (461,461,'code0461col','Egresado orgulloso del Pascual Bravo. Actualmente trabajo en el sector TIC.','https://cdn.pascualbravo.edu.co/avatars/u0461.jpg',2,'2026-03-19 23:21:28'),
  (462,462,'uni0462123','Ex estudiante retomando su carrera con nuevas metas y mucha motivación.','https://cdn.pascualbravo.edu.co/avatars/u0462.jpg',NULL,'2026-05-05 08:23:29'),
  (463,463,'ing0463123','Gestora administrativa con amplia experiencia en entornos educativos.','https://cdn.pascualbravo.edu.co/avatars/u0463.jpg',9,'2026-05-04 03:17:43'),
  (464,464,'ing0464col','Emprendedor en el sector tecnológico. Creo en la educación como motor de cambio.','https://cdn.pascualbravo.edu.co/avatars/u0464.jpg',3,'2026-04-02 15:01:15'),
  (465,465,'bravo0465123','Apasionado por la robótica, la IA y el desarrollo de soluciones tecnológicas.','https://cdn.pascualbravo.edu.co/avatars/u0465.jpg',4,'2026-04-07 20:06:17'),
  (466,466,'uni0466col','Gestora administrativa con amplia experiencia en entornos educativos.','https://cdn.pascualbravo.edu.co/avatars/u0466.jpg',6,'2026-03-26 12:37:26'),
  (467,467,'pascal0467medellin','Apasionado por la robótica, la IA y el desarrollo de soluciones tecnológicas.','https://cdn.pascualbravo.edu.co/avatars/u0467.jpg',NULL,'2026-05-14 22:21:53'),
  (468,468,'tech0468007','Monitor académico y miembro activo del semillero de investigación.','https://cdn.pascualbravo.edu.co/avatars/u0468.jpg',6,'2026-03-15 03:00:31'),
  (469,469,'dev0469star','Egresado orgulloso del Pascual Bravo. Actualmente trabajo en el sector TIC.','https://cdn.pascualbravo.edu.co/avatars/u0469.jpg',5,'2026-02-11 09:31:18'),
  (470,470,'tech0470medellin','Estudiante de tecnología con pasión por la innovación y el emprendimiento digital.','https://cdn.pascualbravo.edu.co/avatars/u0470.jpg',4,'2026-03-14 18:07:03'),
  (471,471,'uni0471medellin','Estudiante de tecnología con pasión por la innovación y el emprendimiento digital.','https://cdn.pascualbravo.edu.co/avatars/u0471.jpg',1,'2026-01-13 08:08:22'),
  (472,472,'pascal0472col','Docente comprometido con la formación de ingenieros íntegros y creativos.','https://cdn.pascualbravo.edu.co/avatars/u0472.jpg',3,'2026-02-20 13:37:58'),
  (473,473,'tech0473medellin','Apasionado por la robótica, la IA y el desarrollo de soluciones tecnológicas.','https://cdn.pascualbravo.edu.co/avatars/u0473.jpg',NULL,'2026-04-01 07:51:43'),
  (474,474,'bravo0474007','Emprendedor en el sector tecnológico. Creo en la educación como motor de cambio.','https://cdn.pascualbravo.edu.co/avatars/u0474.jpg',2,'2026-03-08 09:38:19'),
  (475,475,'dev0475007','Estudiante de últimos semestres, enfocado en proyectos de inteligencia artificial.','https://cdn.pascualbravo.edu.co/avatars/u0475.jpg',3,'2026-02-21 08:08:26'),
  (476,476,'code0476medellin','Gestora administrativa con amplia experiencia en entornos educativos.','https://cdn.pascualbravo.edu.co/avatars/u0476.jpg',NULL,'2026-04-29 17:11:24'),
  (477,477,'bravo0477pb','Egresado orgulloso del Pascual Bravo. Actualmente trabajo en el sector TIC.','https://cdn.pascualbravo.edu.co/avatars/u0477.jpg',6,'2026-05-09 21:45:22'),
  (478,478,'uni0478123','Emprendedor en el sector tecnológico. Creo en la educación como motor de cambio.','https://cdn.pascualbravo.edu.co/avatars/u0478.jpg',7,'2026-04-29 00:58:35'),
  (479,479,'ing0479007','Docente comprometido con la formación de ingenieros íntegros y creativos.','https://cdn.pascualbravo.edu.co/avatars/u0479.jpg',10,'2026-03-19 07:37:32'),
  (480,480,'campus0480col','Docente de matemáticas con enfoque en pedagogía activa e innovación educativa.','https://cdn.pascualbravo.edu.co/avatars/u0480.jpg',10,'2026-03-17 01:48:54'),
  (481,481,'bravo0481col','Emprendedor en el sector tecnológico. Creo en la educación como motor de cambio.','https://cdn.pascualbravo.edu.co/avatars/u0481.jpg',8,'2026-05-13 14:53:03'),
  (482,482,'tech04822026','Gestora administrativa con amplia experiencia en entornos educativos.','https://cdn.pascualbravo.edu.co/avatars/u0482.jpg',2,'2026-03-27 19:06:52'),
  (483,483,'pascal0483star','Estudiante de últimos semestres, enfocado en proyectos de inteligencia artificial.','https://cdn.pascualbravo.edu.co/avatars/u0483.jpg',2,'2026-05-11 23:45:03'),
  (484,484,'code0484col','Ex estudiante retomando su carrera con nuevas metas y mucha motivación.','https://cdn.pascualbravo.edu.co/avatars/u0484.jpg',8,'2026-02-04 07:57:43'),
  (485,485,'dev0485medellin','Gestora administrativa con amplia experiencia en entornos educativos.','https://cdn.pascualbravo.edu.co/avatars/u0485.jpg',1,'2026-05-05 19:44:12'),
  (486,486,'tech0486pb','Estudiante de tecnología con pasión por la innovación y el emprendimiento digital.','https://cdn.pascualbravo.edu.co/avatars/u0486.jpg',NULL,'2026-01-31 16:06:15'),
  (487,487,'code0487pb','Monitor académico y miembro activo del semillero de investigación.','https://cdn.pascualbravo.edu.co/avatars/u0487.jpg',NULL,'2026-05-10 14:25:03'),
  (488,488,'tech0488medellin','Emprendedor en el sector tecnológico. Creo en la educación como motor de cambio.','https://cdn.pascualbravo.edu.co/avatars/u0488.jpg',3,'2026-03-02 17:16:52'),
  (489,489,'uni0489pb','Emprendedor en el sector tecnológico. Creo en la educación como motor de cambio.','https://cdn.pascualbravo.edu.co/avatars/u0489.jpg',NULL,'2026-01-06 05:09:52'),
  (490,490,'code0490col','Ex estudiante retomando su carrera con nuevas metas y mucha motivación.','https://cdn.pascualbravo.edu.co/avatars/u0490.jpg',9,'2026-02-21 15:30:18'),
  (491,491,'pascal0491pb','Docente de matemáticas con enfoque en pedagogía activa e innovación educativa.','https://cdn.pascualbravo.edu.co/avatars/u0491.jpg',5,'2026-04-11 12:44:51'),
  (492,492,'tech0492star','Emprendedor en el sector tecnológico. Creo en la educación como motor de cambio.','https://cdn.pascualbravo.edu.co/avatars/u0492.jpg',3,'2026-01-08 09:29:07'),
  (493,493,'bravo04932026','Docente de matemáticas con enfoque en pedagogía activa e innovación educativa.','https://cdn.pascualbravo.edu.co/avatars/u0493.jpg',NULL,'2026-04-24 01:58:58'),
  (494,494,'campus0494col','Monitor académico y miembro activo del semillero de investigación.','https://cdn.pascualbravo.edu.co/avatars/u0494.jpg',8,'2026-03-12 00:10:22'),
  (495,495,'code0495123','Ex estudiante retomando su carrera con nuevas metas y mucha motivación.','https://cdn.pascualbravo.edu.co/avatars/u0495.jpg',NULL,'2026-01-17 05:41:09'),
  (496,496,'campus0496123','Monitor académico y miembro activo del semillero de investigación.','https://cdn.pascualbravo.edu.co/avatars/u0496.jpg',3,'2026-03-13 21:19:59'),
  (497,497,'bravo0497pb','Monitor académico y miembro activo del semillero de investigación.','https://cdn.pascualbravo.edu.co/avatars/u0497.jpg',NULL,'2026-05-01 19:42:11'),
  (498,498,'pascal0498col','Estudiante de últimos semestres, enfocado en proyectos de inteligencia artificial.','https://cdn.pascualbravo.edu.co/avatars/u0498.jpg',10,'2026-03-31 18:39:53'),
  (499,499,'bravo0499pb','Estudiante de tecnología con pasión por la innovación y el emprendimiento digital.','https://cdn.pascualbravo.edu.co/avatars/u0499.jpg',NULL,'2026-02-10 07:06:42'),
  (500,500,'tech0500star','Monitor académico y miembro activo del semillero de investigación.','https://cdn.pascualbravo.edu.co/avatars/u0500.jpg',NULL,'2026-03-01 23:50:15');
SELECT setval('perfil_id_perfil_seq', 500);

-- ---------------------------------------------------------------------------
-- 8. publicaciones (100)
-- ---------------------------------------------------------------------------
INSERT INTO publicaciones (id_publicacion,id_usuario,fecha_publicacion,texto,tipo_contenido,media_url)
VALUES
  (1,54,'2026-02-14 23:57:24','Mis apuntes del congreso de energías renovables. Varios temas aplicables a proyectos de grado.','enlace',NULL),
  (2,473,'2026-01-17 01:39:16','El equipo de robótica ganó el primer lugar en la competencia regional. ¡Orgullo ITPB!','texto',NULL),
  (3,434,'2026-01-19 14:48:23','Comparto mis apuntes del taller de Machine Learning. Espero que les sirvan a todos.','texto',NULL),
  (4,473,'2026-02-14 10:06:44','Resumen de la conferencia sobre Blockchain aplicado a la cadena de suministro. Material adjunto.','enlace',NULL),
  (5,69,'2026-02-21 06:16:31','Resumen de la conferencia sobre Blockchain aplicado a la cadena de suministro. Material adjunto.','video','https://cdn.pascualbravo.edu.co/media/p0005.jpg'),
  (6,116,'2026-02-21 23:10:27','Hoy tuvimos una charla motivacional con egresados exitosos. El mensaje clave: la persistencia paga.','imagen','https://cdn.pascualbravo.edu.co/media/p0006.jpg'),
  (7,45,'2026-01-07 20:42:06','Se acerca la Feria Laboral 2026. Más de 30 empresas del sector TIC participarán.','texto',NULL),
  (8,415,'2026-02-05 00:23:49','El semillero de IA tiene cupos disponibles. Si te apasiona el aprendizaje automático, ¡únete!','texto',NULL),
  (9,175,'2026-02-17 21:46:58','Recordatorio: Mañana es la entrega de proyectos integradores. No dejen para después.','enlace',NULL),
  (10,98,'2026-02-23 18:52:30','Hoy tuvimos una charla motivacional con egresados exitosos. El mensaje clave: la persistencia paga.','video','https://cdn.pascualbravo.edu.co/media/p0010.jpg'),
  (11,183,'2026-02-05 02:28:27','¿Alguien más tomó el seminario de ética en tecnología? Me parece un tema urgente y necesario.','enlace',NULL),
  (12,448,'2026-01-19 18:05:08','Hoy tuvimos una charla motivacional con egresados exitosos. El mensaje clave: la persistencia paga.','video','https://cdn.pascualbravo.edu.co/media/p0012.jpg'),
  (13,52,'2026-01-31 15:14:03','Comparto mis apuntes del taller de Machine Learning. Espero que les sirvan a todos.','video','https://cdn.pascualbravo.edu.co/media/p0013.jpg'),
  (14,12,'2026-02-27 09:59:53','El hackathon fue una experiencia transformadora. Aprendí más en 24 horas que en meses de clase.','enlace',NULL),
  (15,361,'2026-04-02 02:55:55','Reflexión del día: La tecnología es solo tan buena como el propósito con el que la usamos.','video','https://cdn.pascualbravo.edu.co/media/p0015.jpg'),
  (16,39,'2026-05-17 18:15:54','Hoy tuvimos una charla motivacional con egresados exitosos. El mensaje clave: la persistencia paga.','video','https://cdn.pascualbravo.edu.co/media/p0016.jpg'),
  (17,205,'2026-01-15 17:44:57','El equipo de robótica ganó el primer lugar en la competencia regional. ¡Orgullo ITPB!','enlace',NULL),
  (18,480,'2026-03-09 20:01:02','Invitados a la jornada de salud mental esta semana. La universidad cuida tu bienestar.','enlace',NULL),
  (19,134,'2026-02-21 10:56:48','Compartiendo el resumen de la conferencia de ciberseguridad. Fue una experiencia increíble.','imagen','https://cdn.pascualbravo.edu.co/media/p0019.jpg'),
  (20,105,'2026-05-21 23:21:59','Mis apuntes del congreso de energías renovables. Varios temas aplicables a proyectos de grado.','texto',NULL),
  (21,121,'2026-05-07 02:51:36','Comparto mis apuntes del taller de Machine Learning. Espero que les sirvan a todos.','texto',NULL),
  (22,178,'2026-01-19 13:38:47','Comparto mis apuntes del taller de Machine Learning. Espero que les sirvan a todos.','texto',NULL),
  (23,455,'2026-05-03 04:17:46','Compartiendo el resumen de la conferencia de ciberseguridad. Fue una experiencia increíble.','texto',NULL),
  (24,19,'2026-05-08 16:14:41','Vendo libros de Ingeniería de Software en excelente estado. Ver perfil para precios.','enlace',NULL),
  (25,245,'2026-03-19 07:01:59','Compartiendo el resumen de la conferencia de ciberseguridad. Fue una experiencia increíble.','texto',NULL),
  (26,397,'2026-02-20 17:38:55','Ofrezco tutorías de inglés técnico para estudiantes de últimos semestres. Precios accesibles.','texto',NULL),
  (27,283,'2026-05-04 01:24:49','Ofrezco tutorías de inglés técnico para estudiantes de últimos semestres. Precios accesibles.','imagen','https://cdn.pascualbravo.edu.co/media/p0027.jpg'),
  (28,221,'2026-04-20 17:08:07','Resumen de la conferencia sobre Blockchain aplicado a la cadena de suministro. Material adjunto.','texto',NULL),
  (29,460,'2026-04-05 11:12:21','El semillero de IA tiene cupos disponibles. Si te apasiona el aprendizaje automático, ¡únete!','texto',NULL),
  (30,122,'2026-03-01 02:37:00','Acabo de terminar mi proyecto de grado. Gracias a todos los que me apoyaron en este camino.','enlace',NULL),
  (31,383,'2026-05-18 18:02:51','¡El congreso de tecnología del próximo viernes tendrá cupos limitados! No olviden inscribirse.','imagen','https://cdn.pascualbravo.edu.co/media/p0031.jpg'),
  (32,417,'2026-01-15 02:03:08','Resumen de la conferencia sobre Blockchain aplicado a la cadena de suministro. Material adjunto.','imagen','https://cdn.pascualbravo.edu.co/media/p0032.jpg'),
  (33,145,'2026-01-12 10:22:38','¿Alguien más tomó el seminario de ética en tecnología? Me parece un tema urgente y necesario.','imagen','https://cdn.pascualbravo.edu.co/media/p0033.jpg'),
  (34,150,'2026-02-03 19:25:30','Nuevo grupo de estudio para la certificación AWS. Si te interesa, escríbeme.','texto',NULL),
  (35,337,'2026-01-20 02:16:34','Se acerca la Feria Laboral 2026. Más de 30 empresas del sector TIC participarán.','enlace',NULL),
  (36,362,'2026-04-02 07:28:45','Disponibles los resultados de las olimpiadas de matemáticas. Consulten en la plataforma.','video','https://cdn.pascualbravo.edu.co/media/p0036.jpg'),
  (37,400,'2026-03-16 20:15:33','El hackathon fue una experiencia transformadora. Aprendí más en 24 horas que en meses de clase.','video','https://cdn.pascualbravo.edu.co/media/p0037.jpg'),
  (38,358,'2026-05-19 16:06:03','Vendo libros de Ingeniería de Software en excelente estado. Ver perfil para precios.','enlace',NULL),
  (39,362,'2026-05-05 08:05:13','Nuevo taller de React disponible esta semana en el laboratorio de cómputo. Inscripciones abiertas.','imagen','https://cdn.pascualbravo.edu.co/media/p0039.jpg'),
  (40,157,'2026-02-23 03:23:46','Nuevo taller de React disponible esta semana en el laboratorio de cómputo. Inscripciones abiertas.','texto',NULL),
  (41,121,'2026-04-23 20:48:29','El equipo de robótica ganó el primer lugar en la competencia regional. ¡Orgullo ITPB!','texto',NULL),
  (42,256,'2026-01-09 08:17:37','Ofrezco tutorías de inglés técnico para estudiantes de últimos semestres. Precios accesibles.','video','https://cdn.pascualbravo.edu.co/media/p0042.jpg'),
  (43,424,'2026-01-22 01:17:54','Comparto mis apuntes del taller de Machine Learning. Espero que les sirvan a todos.','enlace',NULL),
  (44,254,'2026-01-05 12:24:28','Compartiendo el resumen de la conferencia de ciberseguridad. Fue una experiencia increíble.','imagen','https://cdn.pascualbravo.edu.co/media/p0044.jpg'),
  (45,106,'2026-04-08 05:42:27','Abrieron convocatoria para monitores académicos del segundo semestre. Requisitos en la plataforma.','texto',NULL),
  (46,339,'2026-03-20 01:34:48','Vendo libros de Ingeniería de Software en excelente estado. Ver perfil para precios.','texto',NULL),
  (47,466,'2026-03-28 08:51:48','El festival gastronómico fue todo un éxito. La gastronomía también es cultura universitaria.','imagen','https://cdn.pascualbravo.edu.co/media/p0047.jpg'),
  (48,388,'2026-01-08 10:46:53','Comparto mis apuntes del taller de Machine Learning. Espero que les sirvan a todos.','enlace',NULL),
  (49,444,'2026-04-20 23:59:47','Mis apuntes del congreso de energías renovables. Varios temas aplicables a proyectos de grado.','texto',NULL),
  (50,414,'2026-01-28 17:24:46','Nuevo grupo de estudio para la certificación AWS. Si te interesa, escríbeme.','video','https://cdn.pascualbravo.edu.co/media/p0050.jpg'),
  (51,440,'2026-05-17 14:27:36','Recordatorio: Mañana es la entrega de proyectos integradores. No dejen para después.','video','https://cdn.pascualbravo.edu.co/media/p0051.jpg'),
  (52,84,'2026-04-08 14:47:59','Acabo de terminar mi proyecto de grado. Gracias a todos los que me apoyaron en este camino.','imagen','https://cdn.pascualbravo.edu.co/media/p0052.jpg'),
  (53,465,'2026-01-04 08:51:43','El hackathon fue una experiencia transformadora. Aprendí más en 24 horas que en meses de clase.','texto',NULL),
  (54,128,'2026-05-19 09:21:36','Ofrezco tutorías de inglés técnico para estudiantes de últimos semestres. Precios accesibles.','texto',NULL),
  (55,316,'2026-03-12 11:17:42','El hackathon fue una experiencia transformadora. Aprendí más en 24 horas que en meses de clase.','texto',NULL),
  (56,64,'2026-03-20 18:42:20','El hackathon fue una experiencia transformadora. Aprendí más en 24 horas que en meses de clase.','imagen','https://cdn.pascualbravo.edu.co/media/p0056.jpg'),
  (57,228,'2026-04-29 00:28:00','Resumen de la conferencia sobre Blockchain aplicado a la cadena de suministro. Material adjunto.','texto',NULL),
  (58,495,'2026-04-02 15:40:54','Abrieron convocatoria para monitores académicos del segundo semestre. Requisitos en la plataforma.','imagen','https://cdn.pascualbravo.edu.co/media/p0058.jpg'),
  (59,210,'2026-01-15 18:05:17','Comparto mis apuntes del taller de Machine Learning. Espero que les sirvan a todos.','video','https://cdn.pascualbravo.edu.co/media/p0059.jpg'),
  (60,489,'2026-01-17 14:11:16','Mis apuntes del congreso de energías renovables. Varios temas aplicables a proyectos de grado.','video','https://cdn.pascualbravo.edu.co/media/p0060.jpg'),
  (61,133,'2026-05-07 04:14:40','Reflexión del día: La tecnología es solo tan buena como el propósito con el que la usamos.','imagen','https://cdn.pascualbravo.edu.co/media/p0061.jpg'),
  (62,447,'2026-01-13 07:07:41','Compartiendo el resumen de la conferencia de ciberseguridad. Fue una experiencia increíble.','imagen','https://cdn.pascualbravo.edu.co/media/p0062.jpg'),
  (63,351,'2026-05-10 14:37:20','Compartiendo el resumen de la conferencia de ciberseguridad. Fue una experiencia increíble.','imagen','https://cdn.pascualbravo.edu.co/media/p0063.jpg'),
  (64,32,'2026-03-08 08:01:43','Vendo libros de Ingeniería de Software en excelente estado. Ver perfil para precios.','texto',NULL),
  (65,308,'2026-03-02 11:06:04','Hoy tuvimos una charla motivacional con egresados exitosos. El mensaje clave: la persistencia paga.','enlace',NULL),
  (66,58,'2026-05-11 02:15:13','Invitados a la jornada de salud mental esta semana. La universidad cuida tu bienestar.','video','https://cdn.pascualbravo.edu.co/media/p0066.jpg'),
  (67,425,'2026-04-17 02:41:27','Disponibles los resultados de las olimpiadas de matemáticas. Consulten en la plataforma.','imagen','https://cdn.pascualbravo.edu.co/media/p0067.jpg'),
  (68,13,'2026-03-25 19:50:23','Invitados a la jornada de salud mental esta semana. La universidad cuida tu bienestar.','enlace',NULL),
  (69,460,'2026-04-06 15:18:39','¡El congreso de tecnología del próximo viernes tendrá cupos limitados! No olviden inscribirse.','imagen','https://cdn.pascualbravo.edu.co/media/p0069.jpg'),
  (70,189,'2026-01-12 09:59:09','El festival gastronómico fue todo un éxito. La gastronomía también es cultura universitaria.','texto',NULL),
  (71,55,'2026-02-24 10:32:45','Mis apuntes del congreso de energías renovables. Varios temas aplicables a proyectos de grado.','video','https://cdn.pascualbravo.edu.co/media/p0071.jpg'),
  (72,482,'2026-02-25 12:53:37','Compartiendo el resumen de la conferencia de ciberseguridad. Fue una experiencia increíble.','imagen','https://cdn.pascualbravo.edu.co/media/p0072.jpg'),
  (73,196,'2026-01-21 02:59:14','El festival gastronómico fue todo un éxito. La gastronomía también es cultura universitaria.','enlace',NULL),
  (74,276,'2026-02-01 16:51:03','Comparto mis apuntes del taller de Machine Learning. Espero que les sirvan a todos.','enlace',NULL),
  (75,338,'2026-05-15 16:28:20','El hackathon fue una experiencia transformadora. Aprendí más en 24 horas que en meses de clase.','imagen','https://cdn.pascualbravo.edu.co/media/p0075.jpg'),
  (76,429,'2026-03-17 07:21:15','Mis apuntes del congreso de energías renovables. Varios temas aplicables a proyectos de grado.','video','https://cdn.pascualbravo.edu.co/media/p0076.jpg'),
  (77,119,'2026-04-27 10:47:07','La marcha cultural del día del idioma fue hermosa. La diversidad enriquece nuestra institución.','imagen','https://cdn.pascualbravo.edu.co/media/p0077.jpg'),
  (78,228,'2026-04-15 11:05:22','Abrieron convocatoria para monitores académicos del segundo semestre. Requisitos en la plataforma.','texto',NULL),
  (79,469,'2026-04-03 20:30:38','Acabo de terminar mi proyecto de grado. Gracias a todos los que me apoyaron en este camino.','enlace',NULL),
  (80,403,'2026-04-18 07:36:52','Nuevo taller de React disponible esta semana en el laboratorio de cómputo. Inscripciones abiertas.','imagen','https://cdn.pascualbravo.edu.co/media/p0080.jpg'),
  (81,398,'2026-04-15 21:37:42','Nuevo taller de React disponible esta semana en el laboratorio de cómputo. Inscripciones abiertas.','video','https://cdn.pascualbravo.edu.co/media/p0081.jpg'),
  (82,408,'2026-03-15 10:20:07','Busco compañero de estudio para el parcial de Cálculo II. Escríbeme por mensaje.','enlace',NULL),
  (83,216,'2026-05-10 04:36:31','¿Alguien más tomó el seminario de ética en tecnología? Me parece un tema urgente y necesario.','imagen','https://cdn.pascualbravo.edu.co/media/p0083.jpg'),
  (84,461,'2026-02-16 14:00:10','El equipo de robótica ganó el primer lugar en la competencia regional. ¡Orgullo ITPB!','enlace',NULL),
  (85,135,'2026-05-01 23:06:08','Compartiendo el resumen de la conferencia de ciberseguridad. Fue una experiencia increíble.','enlace',NULL),
  (86,13,'2026-02-12 02:08:32','Hoy tuvimos una charla motivacional con egresados exitosos. El mensaje clave: la persistencia paga.','enlace',NULL),
  (87,463,'2026-04-19 11:08:25','La marcha cultural del día del idioma fue hermosa. La diversidad enriquece nuestra institución.','imagen','https://cdn.pascualbravo.edu.co/media/p0087.jpg'),
  (88,365,'2026-03-17 03:21:57','Invitados a la jornada de salud mental esta semana. La universidad cuida tu bienestar.','texto',NULL),
  (89,370,'2026-01-12 02:47:58','Vendo libros de Ingeniería de Software en excelente estado. Ver perfil para precios.','enlace',NULL),
  (90,467,'2026-04-15 20:28:47','El semillero de IA tiene cupos disponibles. Si te apasiona el aprendizaje automático, ¡únete!','video','https://cdn.pascualbravo.edu.co/media/p0090.jpg'),
  (91,388,'2026-05-03 22:08:46','Reflexión del día: La tecnología es solo tan buena como el propósito con el que la usamos.','texto',NULL),
  (92,78,'2026-01-02 18:37:23','Nuevo grupo de estudio para la certificación AWS. Si te interesa, escríbeme.','enlace',NULL),
  (93,195,'2026-03-24 14:11:32','Recordatorio: Mañana es la entrega de proyectos integradores. No dejen para después.','video','https://cdn.pascualbravo.edu.co/media/p0093.jpg'),
  (94,484,'2026-01-25 07:19:31','Invitados a la jornada de salud mental esta semana. La universidad cuida tu bienestar.','texto',NULL),
  (95,289,'2026-05-13 16:37:32','El semillero de IA tiene cupos disponibles. Si te apasiona el aprendizaje automático, ¡únete!','video','https://cdn.pascualbravo.edu.co/media/p0095.jpg'),
  (96,166,'2026-04-09 10:48:11','Nuevo taller de React disponible esta semana en el laboratorio de cómputo. Inscripciones abiertas.','texto',NULL),
  (97,417,'2026-02-23 13:33:17','El festival gastronómico fue todo un éxito. La gastronomía también es cultura universitaria.','video','https://cdn.pascualbravo.edu.co/media/p0097.jpg'),
  (98,51,'2026-03-30 09:10:07','Disponibles los resultados de las olimpiadas de matemáticas. Consulten en la plataforma.','video','https://cdn.pascualbravo.edu.co/media/p0098.jpg'),
  (99,250,'2026-04-23 07:56:10','Disponibles los resultados de las olimpiadas de matemáticas. Consulten en la plataforma.','video','https://cdn.pascualbravo.edu.co/media/p0099.jpg'),
  (100,311,'2026-01-28 07:42:17','Nuevo taller de React disponible esta semana en el laboratorio de cómputo. Inscripciones abiertas.','texto',NULL);
SELECT setval('publicaciones_id_publicacion_seq', 100);

-- ---------------------------------------------------------------------------
-- 9. comentarios (150)
-- ---------------------------------------------------------------------------
INSERT INTO comentarios (id_comentario,id_publicacion,id_usuario,texto,fecha_hora_creacion)
VALUES
  (1,27,283,'Me alegra saber que hay apoyo académico disponible. Lo necesitaba.','2026-05-11 05:01:38'),
  (2,6,492,'El hackathon de este año estuvo increíble. Muy buen nivel de los participantes.','2026-05-19 17:51:12'),
  (3,1,251,'Me alegra saber que hay apoyo académico disponible. Lo necesitaba.','2026-01-07 11:13:18'),
  (4,74,219,'Qué orgullo ver el nivel de los proyectos en la expo de grado.','2026-04-24 16:08:53'),
  (5,59,152,'El hackathon de este año estuvo increíble. Muy buen nivel de los participantes.','2026-01-29 22:45:58'),
  (6,16,228,'El hackathon de este año estuvo increíble. Muy buen nivel de los participantes.','2026-04-21 15:16:05'),
  (7,18,143,'Qué orgullo ver el nivel de los proyectos en la expo de grado.','2026-01-30 11:51:05'),
  (8,96,407,'Yo participé y fue una experiencia transformadora. Lo recomiendo.','2026-01-20 10:10:32'),
  (9,43,142,'El ponente estuvo muy bueno, explicó todo de manera muy clara.','2026-05-12 21:49:04'),
  (10,91,353,'Interesante reflexión. En mi carrera también notamos eso constantemente.','2026-01-10 13:06:59'),
  (11,91,407,'Gracias al equipo organizador por el esfuerzo, se nota la dedicación.','2026-03-23 06:53:35'),
  (12,85,429,'El hackathon de este año estuvo increíble. Muy buen nivel de los participantes.','2026-01-10 20:40:00'),
  (13,32,71,'Me parece importante visibilizar estos temas en el ambiente universitario.','2026-04-07 07:43:12'),
  (14,34,241,'¿Alguien sabe si quedó grabación del taller? No pude asistir.','2026-05-05 05:46:31'),
  (15,37,68,'Yo participé y fue una experiencia transformadora. Lo recomiendo.','2026-01-23 16:54:46'),
  (16,96,110,'Gracias por compartir, me fue muy útil esta información.','2026-04-22 02:31:35'),
  (17,79,107,'Qué orgullo ver el nivel de los proyectos en la expo de grado.','2026-02-15 01:26:44'),
  (18,34,315,'¿Cuándo abren las inscripciones para la siguiente edición?','2026-03-02 20:22:30'),
  (19,68,337,'¿Alguien sabe si quedó grabación del taller? No pude asistir.','2026-03-18 07:56:18'),
  (20,86,249,'El ponente estuvo muy bueno, explicó todo de manera muy clara.','2026-04-11 19:22:34'),
  (21,62,152,'Totalmente de acuerdo, el evento fue excelente y muy bien organizado.','2026-02-26 03:56:57'),
  (22,97,392,'Comparto el sentimiento, la institución hace un gran trabajo con estos espacios.','2026-04-18 14:20:15'),
  (23,85,218,'Totalmente de acuerdo, el evento fue excelente y muy bien organizado.','2026-02-15 14:20:42'),
  (24,15,178,'Qué orgullo ver el nivel de los proyectos en la expo de grado.','2026-04-12 22:08:49'),
  (25,62,431,'Totalmente de acuerdo con lo que planteas en tu publicación.','2026-05-06 19:26:43'),
  (26,31,15,'Comparto el sentimiento, la institución hace un gran trabajo con estos espacios.','2026-03-10 16:13:56'),
  (27,53,32,'Gracias al equipo organizador por el esfuerzo, se nota la dedicación.','2026-03-24 08:43:20'),
  (28,53,201,'Totalmente de acuerdo con lo que planteas en tu publicación.','2026-04-24 13:25:16'),
  (29,7,138,'El ponente estuvo muy bueno, explicó todo de manera muy clara.','2026-02-26 10:40:52'),
  (30,6,158,'El ponente estuvo muy bueno, explicó todo de manera muy clara.','2026-04-15 07:36:56'),
  (31,22,275,'Yo participé y fue una experiencia transformadora. Lo recomiendo.','2026-01-29 19:39:21'),
  (32,17,310,'Gracias al equipo organizador por el esfuerzo, se nota la dedicación.','2026-01-06 23:01:51'),
  (33,49,47,'Totalmente de acuerdo con lo que planteas en tu publicación.','2026-03-27 11:49:49'),
  (34,71,33,'Busco información sobre los grupos de estudio mencionados aquí.','2026-01-13 16:13:23'),
  (35,69,102,'¿Alguien sabe si quedó grabación del taller? No pude asistir.','2026-05-18 12:55:45'),
  (36,30,149,'Totalmente de acuerdo con lo que planteas en tu publicación.','2026-02-11 11:21:26'),
  (37,28,284,'Qué orgullo ver el nivel de los proyectos en la expo de grado.','2026-03-05 00:02:54'),
  (38,3,387,'Gracias al equipo organizador por el esfuerzo, se nota la dedicación.','2026-01-27 16:25:50'),
  (39,63,22,'¿Alguien sabe si quedó grabación del taller? No pude asistir.','2026-03-14 09:01:14'),
  (40,81,396,'Qué orgullo ver el nivel de los proyectos en la expo de grado.','2026-03-05 01:17:47'),
  (41,16,417,'Totalmente de acuerdo con lo que planteas en tu publicación.','2026-04-07 20:25:08'),
  (42,95,449,'Comparto el sentimiento, la institución hace un gran trabajo con estos espacios.','2026-01-22 02:04:32'),
  (43,93,361,'Totalmente de acuerdo con lo que planteas en tu publicación.','2026-04-17 00:00:47'),
  (44,70,310,'El hackathon de este año estuvo increíble. Muy buen nivel de los participantes.','2026-02-08 03:47:37'),
  (45,51,100,'Me alegra saber que hay apoyo académico disponible. Lo necesitaba.','2026-03-21 10:27:32'),
  (46,96,12,'Comparto el sentimiento, la institución hace un gran trabajo con estos espacios.','2026-03-12 14:12:06'),
  (47,34,497,'Busco información sobre los grupos de estudio mencionados aquí.','2026-05-01 12:18:27'),
  (48,12,114,'¿Cuándo abren las inscripciones para la siguiente edición?','2026-03-13 15:18:58'),
  (49,90,274,'Gracias al equipo organizador por el esfuerzo, se nota la dedicación.','2026-03-04 12:01:31'),
  (50,94,202,'Interesante reflexión. En mi carrera también notamos eso constantemente.','2026-05-20 22:06:28'),
  (51,29,296,'Gracias por compartir, me fue muy útil esta información.','2026-04-12 07:28:23'),
  (52,62,289,'Totalmente de acuerdo, el evento fue excelente y muy bien organizado.','2026-03-21 10:09:51'),
  (53,81,500,'Totalmente de acuerdo, el evento fue excelente y muy bien organizado.','2026-01-25 17:10:13'),
  (54,63,304,'Yo participé y fue una experiencia transformadora. Lo recomiendo.','2026-01-22 04:25:39'),
  (55,61,268,'Qué orgullo ver el nivel de los proyectos en la expo de grado.','2026-03-01 01:49:31'),
  (56,33,211,'Comparto el sentimiento, la institución hace un gran trabajo con estos espacios.','2026-03-28 04:02:20'),
  (57,89,290,'Me parece importante visibilizar estos temas en el ambiente universitario.','2026-04-15 00:17:44'),
  (58,27,387,'Gracias al equipo organizador por el esfuerzo, se nota la dedicación.','2026-05-06 17:31:20'),
  (59,84,121,'Interesante reflexión. En mi carrera también notamos eso constantemente.','2026-04-29 22:30:32'),
  (60,72,440,'Qué orgullo ver el nivel de los proyectos en la expo de grado.','2026-01-21 03:27:44'),
  (61,10,193,'¿Alguien sabe si quedó grabación del taller? No pude asistir.','2026-01-04 05:33:47'),
  (62,16,86,'Yo participé y fue una experiencia transformadora. Lo recomiendo.','2026-04-23 03:02:56'),
  (63,55,254,'¿Alguien sabe si quedó grabación del taller? No pude asistir.','2026-05-15 15:08:47'),
  (64,71,215,'¿Cuándo abren las inscripciones para la siguiente edición?','2026-01-03 09:07:27'),
  (65,38,369,'El hackathon de este año estuvo increíble. Muy buen nivel de los participantes.','2026-03-11 16:20:39'),
  (66,48,289,'Busco información sobre los grupos de estudio mencionados aquí.','2026-02-12 04:18:33'),
  (67,88,105,'Totalmente de acuerdo con lo que planteas en tu publicación.','2026-04-06 16:38:16'),
  (68,61,237,'Yo participé y fue una experiencia transformadora. Lo recomiendo.','2026-03-26 23:46:54'),
  (69,18,85,'Gracias al equipo organizador por el esfuerzo, se nota la dedicación.','2026-05-02 00:20:26'),
  (70,23,77,'El ponente estuvo muy bueno, explicó todo de manera muy clara.','2026-01-18 00:19:44'),
  (71,25,103,'Qué orgullo ver el nivel de los proyectos en la expo de grado.','2026-01-25 17:29:21'),
  (72,13,32,'Me parece importante visibilizar estos temas en el ambiente universitario.','2026-04-30 19:10:04'),
  (73,45,326,'Gracias al equipo organizador por el esfuerzo, se nota la dedicación.','2026-02-27 11:40:00'),
  (74,25,141,'Comparto el sentimiento, la institución hace un gran trabajo con estos espacios.','2026-04-20 18:46:19'),
  (75,48,320,'Totalmente de acuerdo con lo que planteas en tu publicación.','2026-04-14 08:35:34'),
  (76,83,338,'Yo participé y fue una experiencia transformadora. Lo recomiendo.','2026-01-20 18:09:06'),
  (77,94,111,'Comparto el sentimiento, la institución hace un gran trabajo con estos espacios.','2026-02-15 08:36:06'),
  (78,17,409,'Gracias al equipo organizador por el esfuerzo, se nota la dedicación.','2026-04-09 10:36:49'),
  (79,76,310,'Comparto el sentimiento, la institución hace un gran trabajo con estos espacios.','2026-05-02 06:10:00'),
  (80,30,111,'Totalmente de acuerdo, el evento fue excelente y muy bien organizado.','2026-02-07 04:10:30'),
  (81,1,166,'Totalmente de acuerdo, el evento fue excelente y muy bien organizado.','2026-01-14 04:32:51'),
  (82,57,218,'Busco información sobre los grupos de estudio mencionados aquí.','2026-05-01 10:19:32'),
  (83,98,61,'Yo participé y fue una experiencia transformadora. Lo recomiendo.','2026-04-11 12:49:24'),
  (84,91,243,'Interesante reflexión. En mi carrera también notamos eso constantemente.','2026-03-21 16:20:33'),
  (85,11,453,'Me parece importante visibilizar estos temas en el ambiente universitario.','2026-02-24 05:40:53'),
  (86,36,365,'¿Alguien sabe si quedó grabación del taller? No pude asistir.','2026-04-22 17:28:31'),
  (87,89,404,'Comparto el sentimiento, la institución hace un gran trabajo con estos espacios.','2026-01-31 17:57:27'),
  (88,84,179,'¿Alguien sabe si quedó grabación del taller? No pude asistir.','2026-01-07 11:54:29'),
  (89,99,344,'Interesante reflexión. En mi carrera también notamos eso constantemente.','2026-04-19 06:39:35'),
  (90,25,196,'Interesante reflexión. En mi carrera también notamos eso constantemente.','2026-02-15 23:00:12'),
  (91,57,185,'Gracias al equipo organizador por el esfuerzo, se nota la dedicación.','2026-02-19 00:37:19'),
  (92,43,49,'El hackathon de este año estuvo increíble. Muy buen nivel de los participantes.','2026-04-05 08:32:58'),
  (93,2,311,'Comparto el sentimiento, la institución hace un gran trabajo con estos espacios.','2026-01-09 20:17:41'),
  (94,62,204,'Gracias por compartir, me fue muy útil esta información.','2026-03-06 08:40:03'),
  (95,74,422,'Gracias por compartir, me fue muy útil esta información.','2026-05-01 19:40:29'),
  (96,63,89,'El ponente estuvo muy bueno, explicó todo de manera muy clara.','2026-05-20 03:02:23'),
  (97,4,314,'El hackathon de este año estuvo increíble. Muy buen nivel de los participantes.','2026-02-09 22:47:11'),
  (98,17,43,'¿Cuándo abren las inscripciones para la siguiente edición?','2026-01-31 01:28:40'),
  (99,91,32,'Interesante reflexión. En mi carrera también notamos eso constantemente.','2026-01-25 17:17:54'),
  (100,25,336,'Me parece importante visibilizar estos temas en el ambiente universitario.','2026-01-05 10:53:43'),
  (101,41,460,'Qué orgullo ver el nivel de los proyectos en la expo de grado.','2026-02-13 18:46:23'),
  (102,67,8,'Busco información sobre los grupos de estudio mencionados aquí.','2026-04-14 13:53:42'),
  (103,86,32,'Totalmente de acuerdo, el evento fue excelente y muy bien organizado.','2026-02-19 16:09:46'),
  (104,35,43,'¿Alguien sabe si quedó grabación del taller? No pude asistir.','2026-04-24 01:17:38'),
  (105,26,353,'Gracias al equipo organizador por el esfuerzo, se nota la dedicación.','2026-04-15 05:40:47'),
  (106,1,160,'Comparto el sentimiento, la institución hace un gran trabajo con estos espacios.','2026-03-31 03:21:29'),
  (107,73,429,'Qué orgullo ver el nivel de los proyectos en la expo de grado.','2026-01-23 18:59:29'),
  (108,12,60,'El hackathon de este año estuvo increíble. Muy buen nivel de los participantes.','2026-01-24 05:46:05'),
  (109,24,163,'Me parece importante visibilizar estos temas en el ambiente universitario.','2026-01-06 05:50:00'),
  (110,28,327,'Interesante reflexión. En mi carrera también notamos eso constantemente.','2026-04-28 02:56:46'),
  (111,32,158,'Me alegra saber que hay apoyo académico disponible. Lo necesitaba.','2026-02-18 23:48:47'),
  (112,17,159,'Gracias por compartir, me fue muy útil esta información.','2026-04-08 22:18:11'),
  (113,36,72,'Me parece importante visibilizar estos temas en el ambiente universitario.','2026-03-22 13:14:53'),
  (114,25,140,'El hackathon de este año estuvo increíble. Muy buen nivel de los participantes.','2026-02-21 05:18:16'),
  (115,90,226,'Comparto el sentimiento, la institución hace un gran trabajo con estos espacios.','2026-01-24 15:22:37'),
  (116,47,179,'Totalmente de acuerdo con lo que planteas en tu publicación.','2026-05-14 14:53:40'),
  (117,88,426,'¿Alguien sabe si quedó grabación del taller? No pude asistir.','2026-01-10 18:24:09'),
  (118,69,292,'Yo participé y fue una experiencia transformadora. Lo recomiendo.','2026-04-22 11:41:51'),
  (119,88,408,'Comparto el sentimiento, la institución hace un gran trabajo con estos espacios.','2026-02-23 10:44:32'),
  (120,71,425,'Qué orgullo ver el nivel de los proyectos en la expo de grado.','2026-03-10 02:32:49'),
  (121,27,133,'Yo participé y fue una experiencia transformadora. Lo recomiendo.','2026-04-30 08:02:59'),
  (122,15,265,'Busco información sobre los grupos de estudio mencionados aquí.','2026-02-17 15:08:29'),
  (123,76,166,'Interesante reflexión. En mi carrera también notamos eso constantemente.','2026-04-07 21:37:57'),
  (124,5,166,'Qué orgullo ver el nivel de los proyectos en la expo de grado.','2026-01-27 20:22:55'),
  (125,2,82,'¿Cuándo abren las inscripciones para la siguiente edición?','2026-05-02 10:21:41'),
  (126,13,96,'El hackathon de este año estuvo increíble. Muy buen nivel de los participantes.','2026-04-02 09:10:29'),
  (127,70,96,'Totalmente de acuerdo con lo que planteas en tu publicación.','2026-01-06 14:51:39'),
  (128,59,304,'Me parece importante visibilizar estos temas en el ambiente universitario.','2026-04-22 23:25:30'),
  (129,32,130,'Qué orgullo ver el nivel de los proyectos en la expo de grado.','2026-04-06 19:21:30'),
  (130,87,206,'Comparto el sentimiento, la institución hace un gran trabajo con estos espacios.','2026-01-11 07:48:59'),
  (131,65,56,'¿Cuándo abren las inscripciones para la siguiente edición?','2026-04-20 08:36:25'),
  (132,76,15,'¿Alguien sabe si quedó grabación del taller? No pude asistir.','2026-05-12 05:59:19'),
  (133,77,495,'Qué orgullo ver el nivel de los proyectos en la expo de grado.','2026-05-15 06:36:48'),
  (134,18,67,'Busco información sobre los grupos de estudio mencionados aquí.','2026-03-27 01:05:19'),
  (135,99,73,'Totalmente de acuerdo con lo que planteas en tu publicación.','2026-03-30 14:25:10'),
  (136,59,1,'Busco información sobre los grupos de estudio mencionados aquí.','2026-02-07 06:56:11'),
  (137,39,158,'Totalmente de acuerdo, el evento fue excelente y muy bien organizado.','2026-02-17 07:54:13'),
  (138,56,47,'Qué orgullo ver el nivel de los proyectos en la expo de grado.','2026-03-04 04:43:35'),
  (139,100,192,'Gracias por compartir, me fue muy útil esta información.','2026-05-03 05:22:06'),
  (140,61,282,'Busco información sobre los grupos de estudio mencionados aquí.','2026-04-11 22:13:58'),
  (141,61,343,'¿Cuándo abren las inscripciones para la siguiente edición?','2026-04-29 22:15:48'),
  (142,13,199,'¿Alguien sabe si quedó grabación del taller? No pude asistir.','2026-03-23 04:25:49'),
  (143,42,460,'Comparto el sentimiento, la institución hace un gran trabajo con estos espacios.','2026-04-19 19:25:34'),
  (144,10,178,'El ponente estuvo muy bueno, explicó todo de manera muy clara.','2026-01-07 07:56:38'),
  (145,23,394,'Yo participé y fue una experiencia transformadora. Lo recomiendo.','2026-04-05 11:21:32'),
  (146,1,313,'Me parece importante visibilizar estos temas en el ambiente universitario.','2026-04-12 02:41:14'),
  (147,18,256,'Yo participé y fue una experiencia transformadora. Lo recomiendo.','2026-01-12 06:19:27'),
  (148,12,174,'¿Cuándo abren las inscripciones para la siguiente edición?','2026-02-16 13:09:18'),
  (149,40,199,'Busco información sobre los grupos de estudio mencionados aquí.','2026-05-04 01:16:26'),
  (150,23,84,'¿Cuándo abren las inscripciones para la siguiente edición?','2026-05-13 03:29:51');
SELECT setval('comentarios_id_comentario_seq', 150);

-- ---------------------------------------------------------------------------
-- 10. grupos (10)
-- ---------------------------------------------------------------------------
INSERT INTO grupos (id_grupo,id_administrador,nombre,descripcion,tipo_grupo,fecha_creacion)
VALUES
  (1,1,'Semillero de Inteligencia Artificial','Investigación en ML, Deep Learning y IA aplicada','proyecto','2026-01-22'),
  (2,2,'Red de Egresados Ing. Sistemas','Comunidad de graduados del programa de Sistemas','egresados','2026-01-26'),
  (3,3,'Equipo Hackathon 2026','Preparación multidisciplinar para competencias de innovación','proyecto','2026-01-04'),
  (4,4,'Mentores Primer Semestre','Acompañamiento a estudiantes de nuevo ingreso','mentoria','2026-05-10'),
  (5,5,'Apoyo Académico Cálculo I','Refuerzo en cálculo diferencial e integral','apoyo_academico','2026-01-03'),
  (6,6,'Emprendedores ITPB','Red de estudiantes emprendedores e innovadores','interes','2026-04-13'),
  (7,7,'Club de Robótica','Diseño y construcción de robots educativos','proyecto','2026-03-19'),
  (8,8,'Alumni Electrónica','Red de egresados de Tecnología Electrónica','egresados','2026-01-30'),
  (9,9,'Mentores Empleabilidad','Preparación para el mercado laboral TIC','mentoria','2026-04-26'),
  (10,10,'Apoyo Académico Estadística','Refuerzo en estadística y probabilidad aplicada','apoyo_academico','2026-05-02');
SELECT setval('grupos_id_grupo_seq', 10);

-- ---------------------------------------------------------------------------
-- 11. usuario_grupo (120)
-- ---------------------------------------------------------------------------
INSERT INTO usuario_grupo (id_usuario,id_grupo,fecha_ingreso,rol_en_grupo)
VALUES
  (284,6,'2026-01-29 05:27:34','miembro'),
  (456,2,'2026-02-08 00:21:59','miembro'),
  (143,4,'2026-05-12 19:46:55','miembro'),
  (35,8,'2026-03-14 01:07:55','miembro'),
  (198,1,'2026-04-05 08:27:21','miembro'),
  (403,1,'2026-05-19 08:11:18','miembro'),
  (19,8,'2026-03-25 09:40:02','miembro'),
  (193,1,'2026-05-17 23:25:15','miembro'),
  (284,2,'2026-02-02 23:09:40','miembro'),
  (468,5,'2026-03-30 14:44:39','miembro'),
  (433,9,'2026-04-28 01:04:20','miembro'),
  (86,10,'2026-01-26 12:32:46','miembro'),
  (485,5,'2026-04-19 12:01:11','moderador'),
  (142,2,'2026-04-21 03:50:12','miembro'),
  (166,10,'2026-05-12 17:54:50','miembro'),
  (420,1,'2026-04-06 18:30:13','miembro'),
  (234,5,'2026-02-17 08:32:42','miembro'),
  (215,3,'2026-03-14 08:00:26','miembro'),
  (411,7,'2026-02-03 08:17:29','miembro'),
  (336,6,'2026-01-25 07:14:01','miembro'),
  (124,2,'2026-03-15 23:45:38','miembro'),
  (312,7,'2026-03-26 17:24:30','moderador'),
  (17,6,'2026-03-29 10:22:52','miembro'),
  (247,8,'2026-02-23 17:44:10','miembro'),
  (141,7,'2026-01-09 21:54:36','moderador'),
  (334,8,'2026-03-30 02:13:47','moderador'),
  (200,5,'2026-03-16 10:28:43','miembro'),
  (90,10,'2026-02-12 19:22:36','miembro'),
  (402,1,'2026-03-14 17:47:31','moderador'),
  (203,9,'2026-02-03 12:38:54','miembro'),
  (213,4,'2026-02-24 03:36:18','miembro'),
  (92,7,'2026-05-21 13:22:48','miembro'),
  (472,10,'2026-03-13 10:49:23','miembro'),
  (351,6,'2026-05-09 17:34:25','miembro'),
  (217,8,'2026-04-29 09:52:59','miembro'),
  (484,3,'2026-04-13 09:00:34','miembro'),
  (401,8,'2026-02-14 21:58:06','miembro'),
  (345,7,'2026-04-18 13:12:40','miembro'),
  (125,3,'2026-05-09 02:38:36','miembro'),
  (495,1,'2026-03-25 19:15:10','miembro'),
  (252,2,'2026-04-05 00:47:38','moderador'),
  (293,9,'2026-02-19 05:29:23','miembro'),
  (133,3,'2026-05-01 22:58:12','miembro'),
  (161,2,'2026-01-08 06:36:29','miembro'),
  (361,10,'2026-04-24 07:50:11','moderador'),
  (267,2,'2026-03-26 05:15:29','miembro'),
  (46,1,'2026-01-09 21:43:26','moderador'),
  (251,7,'2026-01-19 13:16:56','miembro'),
  (72,10,'2026-05-17 22:01:28','miembro'),
  (382,1,'2026-03-16 12:53:52','miembro'),
  (31,6,'2026-04-13 22:59:32','miembro'),
  (236,7,'2026-02-01 03:09:54','miembro'),
  (433,10,'2026-01-29 23:10:23','miembro'),
  (184,3,'2026-03-04 15:13:16','miembro'),
  (339,2,'2026-04-28 22:31:48','miembro'),
  (144,6,'2026-03-17 22:28:21','miembro'),
  (369,5,'2026-03-12 19:02:48','miembro'),
  (278,5,'2026-01-07 07:56:23','miembro'),
  (376,5,'2026-03-20 22:10:36','miembro'),
  (254,8,'2026-03-17 04:47:51','miembro'),
  (160,7,'2026-03-07 20:14:01','moderador'),
  (309,5,'2026-02-07 18:00:16','miembro'),
  (271,9,'2026-04-14 15:39:57','miembro'),
  (187,3,'2026-05-09 10:33:23','miembro'),
  (485,8,'2026-02-13 16:30:11','miembro'),
  (205,1,'2026-01-17 10:14:19','miembro'),
  (87,5,'2026-01-31 20:12:22','miembro'),
  (302,1,'2026-05-15 07:47:12','miembro'),
  (27,7,'2026-01-26 10:32:04','miembro'),
  (284,9,'2026-01-21 01:28:36','miembro'),
  (136,5,'2026-02-16 22:59:41','moderador'),
  (127,8,'2026-02-15 01:38:17','miembro'),
  (57,4,'2026-01-17 04:33:19','miembro'),
  (127,4,'2026-05-03 14:06:34','moderador'),
  (37,6,'2026-01-19 06:30:07','miembro'),
  (254,4,'2026-01-26 17:37:13','miembro'),
  (164,10,'2026-01-03 18:27:55','moderador'),
  (379,8,'2026-02-19 18:51:40','miembro'),
  (244,1,'2026-03-06 13:38:17','miembro'),
  (101,6,'2026-05-10 15:32:18','moderador'),
  (164,5,'2026-05-17 07:21:17','miembro'),
  (268,5,'2026-04-23 03:48:11','miembro'),
  (174,9,'2026-05-01 15:10:11','miembro'),
  (232,5,'2026-01-25 14:21:40','miembro'),
  (432,3,'2026-02-19 03:48:14','miembro'),
  (267,5,'2026-03-23 16:30:06','miembro'),
  (485,10,'2026-02-23 18:43:09','miembro'),
  (109,7,'2026-02-13 05:39:42','miembro'),
  (500,9,'2026-05-02 20:38:50','miembro'),
  (382,5,'2026-02-28 08:30:59','moderador'),
  (166,6,'2026-02-07 09:21:46','miembro'),
  (392,6,'2026-04-26 09:27:36','miembro'),
  (224,1,'2026-04-14 01:26:22','miembro'),
  (82,8,'2026-03-12 00:52:45','miembro'),
  (349,5,'2026-03-17 11:01:20','miembro'),
  (206,6,'2026-02-21 06:39:32','miembro'),
  (151,2,'2026-01-20 07:10:20','miembro'),
  (493,10,'2026-05-01 01:49:42','miembro'),
  (476,8,'2026-03-05 08:38:37','miembro'),
  (62,1,'2026-03-29 08:34:23','miembro'),
  (156,2,'2026-05-01 04:56:47','miembro'),
  (407,7,'2026-02-08 04:37:19','miembro'),
  (298,2,'2026-04-23 07:20:36','miembro'),
  (296,9,'2026-03-16 22:01:08','miembro'),
  (45,6,'2026-04-03 14:47:56','miembro'),
  (175,8,'2026-02-28 14:23:21','miembro'),
  (371,5,'2026-03-07 19:47:59','miembro'),
  (72,7,'2026-04-20 12:51:31','miembro'),
  (436,9,'2026-01-16 16:23:01','miembro'),
  (27,9,'2026-03-25 17:31:18','miembro'),
  (335,2,'2026-01-20 18:05:35','miembro'),
  (283,3,'2026-05-12 02:36:59','miembro'),
  (343,4,'2026-01-19 21:27:52','miembro'),
  (242,3,'2026-03-26 02:11:41','miembro'),
  (243,9,'2026-04-21 00:25:36','miembro'),
  (330,7,'2026-01-05 00:14:20','miembro'),
  (310,6,'2026-05-17 14:41:42','miembro'),
  (431,10,'2026-04-01 22:55:36','miembro'),
  (406,3,'2026-02-22 09:11:06','miembro'),
  (319,1,'2026-02-02 17:22:04','miembro');

-- ---------------------------------------------------------------------------
-- 12. servicios (50)
-- ---------------------------------------------------------------------------
INSERT INTO servicios
  (id_servicio,id_usuario,id_tipo_servicio,titulo,descripcion,
   precio_referencia,estado_oferta,fecha_publicacion)
VALUES
  (1,162,8,'Traducción Español-Inglés Técnico','Identidad visual profesional adaptada a tu marca personal o proyecto.',126937.44,'no_disponible','2026-03-11 07:59:58'),
  (2,112,12,'Asesoría en Cálculo Diferencial','Soluciones funcionales, responsivas y con buenas prácticas de código.',310844.03,'no_disponible','2026-02-01 12:01:28'),
  (3,445,7,'Elaboración de Presentaciones Profesionales','Sesiones personalizadas para reforzar conceptos y resolver ejercicios.',172979.96,'no_disponible','2026-02-20 06:49:24'),
  (4,303,4,'Desarrollo de Aplicaciones Web','Soluciones funcionales, responsivas y con buenas prácticas de código.',192145.07,'en_reserva','2026-05-13 03:10:48'),
  (5,108,4,'Consultoría en Marketing Digital','Procesamiento y visualización de datos para informes y proyectos.',144684.91,'no_disponible','2026-04-17 06:13:05'),
  (6,410,17,'Diseño UX/UI Básico','Guía metodológica para estructurar y desarrollar tu proyecto de grado.',111691.05,'disponible','2026-04-27 00:00:24'),
  (7,412,14,'Elaboración de Presentaciones Profesionales','Acompañamiento práctico con proyectos reales y ejemplos del sector.',143497.95,'no_disponible','2026-01-17 13:54:41'),
  (8,154,8,'Desarrollo de Aplicaciones Web','Traducción técnica precisa con terminología especializada en TI.',310301.38,'disponible','2026-03-12 23:41:57'),
  (9,166,2,'Reparación de Computadores','Identidad visual profesional adaptada a tu marca personal o proyecto.',86754.68,'disponible','2026-02-02 16:09:08'),
  (10,356,16,'Tutoría de Programación Python','Sesiones personalizadas para reforzar conceptos y resolver ejercicios.',220785.44,'disponible','2026-03-17 11:39:26'),
  (11,422,6,'Edición de Video para Redes','Soluciones funcionales, responsivas y con buenas prácticas de código.',85883.99,'en_reserva','2026-02-08 23:51:51'),
  (12,343,6,'Diseño UX/UI Básico','Acompañamiento práctico con proyectos reales y ejemplos del sector.',281698.17,'disponible','2026-05-08 06:19:25'),
  (13,321,12,'Clases de Inglés para Ingenieros','Procesamiento y visualización de datos para informes y proyectos.',132743.28,'disponible','2026-03-26 00:56:30'),
  (14,18,5,'Edición de Video para Redes','Sesiones personalizadas para reforzar conceptos y resolver ejercicios.',202631.98,'en_reserva','2026-05-15 05:10:06'),
  (15,8,12,'Asesoría en Proyectos de Grado','Acompañamiento práctico con proyectos reales y ejemplos del sector.',164362.52,'disponible','2026-01-29 15:29:26'),
  (16,439,18,'Impresión 3D de Prototipos','Soluciones funcionales, responsivas y con buenas prácticas de código.',304213.02,'en_reserva','2026-01-01 09:30:30'),
  (17,461,9,'Reparación de Computadores','Cobertura de alta calidad para tus eventos académicos y culturales.',240039.77,'no_disponible','2026-01-25 15:31:47'),
  (18,426,19,'Traducción Español-Inglés Técnico','Soluciones funcionales, responsivas y con buenas prácticas de código.',100179.56,'disponible','2026-02-06 07:42:05'),
  (19,381,4,'Elaboración de Presentaciones Profesionales','Diagnóstico, limpieza y reparación de hardware y software.',313813.74,'disponible','2026-03-05 07:16:11'),
  (20,374,10,'Soporte Técnico a Domicilio','Guía metodológica para estructurar y desarrollar tu proyecto de grado.',243874.04,'en_reserva','2026-05-13 18:56:17'),
  (21,390,5,'Soporte Técnico a Domicilio','Traducción técnica precisa con terminología especializada en TI.',149926.62,'disponible','2026-01-09 23:57:51'),
  (22,198,2,'Traducción Español-Inglés Técnico','Soluciones funcionales, responsivas y con buenas prácticas de código.',34582.95,'en_reserva','2026-01-09 07:10:25'),
  (23,166,1,'Mantenimiento de Redes LAN','Guía metodológica para estructurar y desarrollar tu proyecto de grado.',184830.36,'no_disponible','2026-02-18 20:55:52'),
  (24,498,19,'Elaboración de Presentaciones Profesionales','Guía metodológica para estructurar y desarrollar tu proyecto de grado.',347663.61,'no_disponible','2026-03-09 17:28:07'),
  (25,382,9,'Creación de Contenido para Redes Sociales','Cobertura de alta calidad para tus eventos académicos y culturales.',137921.47,'disponible','2026-03-07 10:51:55'),
  (26,250,18,'Impresión 3D de Prototipos','Acompañamiento práctico con proyectos reales y ejemplos del sector.',243764.06,'no_disponible','2026-05-13 08:04:50'),
  (27,188,14,'Asesoría en Cálculo Diferencial','Vocabulario técnico, comprensión auditiva y pronunciación profesional.',70393.01,'disponible','2026-04-28 03:07:35'),
  (28,365,10,'Reparación de Computadores','Cobertura de alta calidad para tus eventos académicos y culturales.',128249.73,'no_disponible','2026-01-22 16:11:25'),
  (29,420,17,'Traducción Español-Inglés Técnico','Soluciones funcionales, responsivas y con buenas prácticas de código.',298804.1,'disponible','2026-01-05 06:46:47'),
  (30,182,17,'Producción de Podcast Institucional','Soluciones funcionales, responsivas y con buenas prácticas de código.',210122.56,'en_reserva','2026-05-15 01:51:34'),
  (31,186,18,'Asesoría en Proyectos de Grado','Vocabulario técnico, comprensión auditiva y pronunciación profesional.',83361.11,'disponible','2026-01-26 21:10:40'),
  (32,325,20,'Asesoría en Proyectos de Grado','Soluciones funcionales, responsivas y con buenas prácticas de código.',203062.9,'en_reserva','2026-04-19 06:17:03'),
  (33,492,13,'Análisis de Datos con Excel','Traducción técnica precisa con terminología especializada en TI.',318306.12,'no_disponible','2026-05-02 14:20:08'),
  (34,370,10,'Asesoría en Cálculo Diferencial','Acompañamiento práctico con proyectos reales y ejemplos del sector.',110425.36,'en_reserva','2026-03-21 06:59:46'),
  (35,314,20,'Desarrollo de Aplicaciones Web','Sesiones personalizadas para reforzar conceptos y resolver ejercicios.',271654.26,'disponible','2026-02-06 15:52:10'),
  (36,392,8,'Elaboración de Presentaciones Profesionales','Soluciones funcionales, responsivas y con buenas prácticas de código.',236747.08,'no_disponible','2026-02-19 07:53:22'),
  (37,37,8,'Clases de Inglés para Ingenieros','Soluciones funcionales, responsivas y con buenas prácticas de código.',315644.32,'disponible','2026-02-08 06:28:09'),
  (38,345,9,'Soporte Técnico a Domicilio','Sesiones personalizadas para reforzar conceptos y resolver ejercicios.',233762.11,'en_reserva','2026-03-21 16:06:49'),
  (39,322,20,'Consultoría en Marketing Digital','Identidad visual profesional adaptada a tu marca personal o proyecto.',241334.86,'no_disponible','2026-02-01 17:47:39'),
  (40,233,5,'Desarrollo de Aplicaciones Web','Cobertura de alta calidad para tus eventos académicos y culturales.',310075.35,'disponible','2026-04-08 08:07:40'),
  (41,239,14,'Mantenimiento de Redes LAN','Soluciones funcionales, responsivas y con buenas prácticas de código.',310397.54,'en_reserva','2026-05-05 09:14:33'),
  (42,53,3,'Producción de Podcast Institucional','Procesamiento y visualización de datos para informes y proyectos.',306827.22,'disponible','2026-05-07 22:27:26'),
  (43,30,4,'Clases de Inglés para Ingenieros','Diagnóstico, limpieza y reparación de hardware y software.',319514.03,'en_reserva','2026-05-11 10:26:42'),
  (44,429,9,'Diseño UX/UI Básico','Acompañamiento práctico con proyectos reales y ejemplos del sector.',34136.36,'en_reserva','2026-05-05 07:37:31'),
  (45,114,19,'Edición de Video para Redes','Diagnóstico, limpieza y reparación de hardware y software.',63268.95,'en_reserva','2026-05-05 17:38:53'),
  (46,290,13,'Producción de Podcast Institucional','Vocabulario técnico, comprensión auditiva y pronunciación profesional.',308525.91,'en_reserva','2026-04-08 01:38:06'),
  (47,303,4,'Mantenimiento de Redes LAN','Acompañamiento práctico con proyectos reales y ejemplos del sector.',67591.48,'disponible','2026-04-03 18:43:45'),
  (48,463,20,'Edición de Video para Redes','Traducción técnica precisa con terminología especializada en TI.',259852.48,'disponible','2026-03-30 20:50:28'),
  (49,437,15,'Mantenimiento de Redes LAN','Vocabulario técnico, comprensión auditiva y pronunciación profesional.',41928.4,'no_disponible','2026-04-21 21:58:01'),
  (50,111,19,'Fotografía para Eventos Universitarios','Sesiones personalizadas para reforzar conceptos y resolver ejercicios.',231766.81,'no_disponible','2026-01-26 09:58:26');
SELECT setval('servicios_id_servicio_seq', 50);

-- ---------------------------------------------------------------------------
-- 13. transacciones_servicio (200)
-- ---------------------------------------------------------------------------
INSERT INTO transacciones_servicio
  (id_transaccion,id_servicio,id_usuario_cliente,fecha_transaccion,estado_transaccion,notas)
VALUES
  (1,2,374,'2026-04-27 08:22:52','completado','Se acordaron nuevas condiciones para continuar el servicio.'),
  (2,16,142,'2026-04-25 01:20:29','completado','Se solicitó ajuste al entregable. Pendiente de revisión.'),
  (3,14,286,'2026-05-21 20:20:47','cancelado','Se acordaron nuevas condiciones para continuar el servicio.'),
  (4,50,418,'2026-02-14 15:54:05','completado','Se acordaron nuevas condiciones para continuar el servicio.'),
  (5,40,276,'2026-02-28 10:53:19','solicitado','El proveedor fue puntual y profesional en todo momento.'),
  (6,41,208,'2026-03-22 19:31:40','en_proceso','Entregado antes del plazo acordado. Excelente calidad.'),
  (7,13,136,'2026-05-05 11:21:51','cancelado','Se acordaron nuevas condiciones para continuar el servicio.'),
  (8,49,82,'2026-02-13 10:01:07','en_proceso',NULL),
  (9,20,466,'2026-05-10 22:41:35','completado',NULL),
  (10,35,92,'2026-04-12 19:44:04','en_proceso','El proveedor fue puntual y profesional en todo momento.'),
  (11,6,365,'2026-04-14 08:09:45','completado',NULL),
  (12,23,204,'2026-02-04 12:06:54','completado',NULL),
  (13,37,498,'2026-01-22 10:14:28','solicitado','Cancelado por cambio de planes del solicitante.'),
  (14,36,80,'2026-03-12 00:31:14','en_proceso','Cancelado por cambio de planes del solicitante.'),
  (15,15,226,'2026-02-25 04:00:18','en_proceso','Servicio prestado sin inconvenientes. Muy satisfecho.'),
  (16,40,248,'2026-04-23 13:35:35','en_proceso','Entregado antes del plazo acordado. Excelente calidad.'),
  (17,12,435,'2026-05-13 18:25:40','cancelado','Servicio excelente, altamente recomendado.'),
  (18,46,408,'2026-04-04 08:27:23','completado','Cancelado por cambio de planes del solicitante.'),
  (19,21,277,'2026-04-02 02:44:08','completado','Cancelado por cambio de planes del solicitante.'),
  (20,35,297,'2026-02-02 03:58:50','cancelado',NULL),
  (21,21,54,'2026-02-28 23:22:45','en_proceso',NULL),
  (22,18,295,'2026-01-14 14:39:28','cancelado',NULL),
  (23,28,34,'2026-02-13 00:35:28','solicitado','Se acordaron nuevas condiciones para continuar el servicio.'),
  (24,31,445,'2026-02-07 02:43:22','solicitado','Servicio excelente, altamente recomendado.'),
  (25,37,130,'2026-01-08 22:38:31','cancelado','Se solicitó ajuste al entregable. Pendiente de revisión.'),
  (26,26,111,'2026-04-26 09:34:44','completado','Se acordaron nuevas condiciones para continuar el servicio.'),
  (27,15,292,'2026-05-11 13:09:49','completado','Servicio prestado sin inconvenientes. Muy satisfecho.'),
  (28,40,28,'2026-04-02 18:07:49','solicitado',NULL),
  (29,5,272,'2026-04-16 23:10:46','en_proceso','Cancelado por cambio de planes del solicitante.'),
  (30,39,397,'2026-02-15 05:01:41','cancelado','El proveedor fue puntual y profesional en todo momento.'),
  (31,22,46,'2026-01-25 12:36:44','cancelado','Entregado antes del plazo acordado. Excelente calidad.'),
  (32,25,357,'2026-05-02 04:54:21','en_proceso','El proveedor fue puntual y profesional en todo momento.'),
  (33,20,182,'2026-02-15 22:27:56','completado',NULL),
  (34,6,95,'2026-03-08 12:12:14','completado','El proveedor fue puntual y profesional en todo momento.'),
  (35,22,232,'2026-01-25 16:16:01','solicitado',NULL),
  (36,4,350,'2026-04-06 03:10:00','solicitado','Servicio prestado sin inconvenientes. Muy satisfecho.'),
  (37,21,197,'2026-03-20 00:51:57','completado','El proveedor fue puntual y profesional en todo momento.'),
  (38,12,97,'2026-05-08 05:34:13','completado','El proveedor fue puntual y profesional en todo momento.'),
  (39,44,468,'2026-02-09 19:23:36','en_proceso',NULL),
  (40,46,434,'2026-02-15 16:09:52','cancelado','Servicio prestado sin inconvenientes. Muy satisfecho.'),
  (41,40,20,'2026-05-18 03:51:59','completado','Servicio excelente, altamente recomendado.'),
  (42,7,179,'2026-02-16 18:33:10','solicitado',NULL),
  (43,13,309,'2026-02-09 19:58:21','cancelado',NULL),
  (44,25,402,'2026-04-25 03:42:35','solicitado','Se acordaron nuevas condiciones para continuar el servicio.'),
  (45,16,188,'2026-02-06 07:52:31','en_proceso','Entregado antes del plazo acordado. Excelente calidad.'),
  (46,3,184,'2026-01-16 15:51:53','solicitado',NULL),
  (47,6,340,'2026-03-24 16:36:36','cancelado',NULL),
  (48,42,103,'2026-03-14 10:08:28','en_proceso','Servicio excelente, altamente recomendado.'),
  (49,41,219,'2026-04-14 13:24:05','cancelado','Servicio prestado sin inconvenientes. Muy satisfecho.'),
  (50,32,54,'2026-03-24 17:30:39','cancelado','Servicio excelente, altamente recomendado.'),
  (51,32,403,'2026-03-15 21:44:03','solicitado','Cancelado por cambio de planes del solicitante.'),
  (52,6,158,'2026-05-19 05:41:20','solicitado',NULL),
  (53,2,25,'2026-03-19 12:12:22','solicitado','Entregado antes del plazo acordado. Excelente calidad.'),
  (54,48,261,'2026-05-15 05:32:23','solicitado','Cancelado por cambio de planes del solicitante.'),
  (55,7,235,'2026-02-17 07:45:20','solicitado','Cancelado por cambio de planes del solicitante.'),
  (56,32,106,'2026-01-04 01:59:24','en_proceso','El proveedor fue puntual y profesional en todo momento.'),
  (57,19,3,'2026-03-03 21:52:58','completado','Se solicitó ajuste al entregable. Pendiente de revisión.'),
  (58,25,424,'2026-02-28 11:58:53','cancelado','Servicio prestado sin inconvenientes. Muy satisfecho.'),
  (59,10,73,'2026-03-05 19:42:16','cancelado',NULL),
  (60,46,443,'2026-03-21 06:56:41','completado','Entregado antes del plazo acordado. Excelente calidad.'),
  (61,45,6,'2026-04-17 13:24:17','en_proceso',NULL),
  (62,17,308,'2026-01-03 20:44:25','solicitado',NULL),
  (63,9,340,'2026-02-27 02:40:07','solicitado','Se solicitó ajuste al entregable. Pendiente de revisión.'),
  (64,32,35,'2026-02-16 17:20:10','completado','Entregado antes del plazo acordado. Excelente calidad.'),
  (65,19,275,'2026-03-15 09:54:36','completado','El proveedor fue puntual y profesional en todo momento.'),
  (66,49,62,'2026-04-12 06:05:35','cancelado','Cancelado por cambio de planes del solicitante.'),
  (67,9,266,'2026-01-10 15:30:06','solicitado','Cancelado por cambio de planes del solicitante.'),
  (68,3,427,'2026-04-10 05:05:48','solicitado','Cancelado por cambio de planes del solicitante.'),
  (69,28,316,'2026-04-05 14:47:09','cancelado',NULL),
  (70,50,22,'2026-05-09 06:49:13','completado','Servicio prestado sin inconvenientes. Muy satisfecho.'),
  (71,37,8,'2026-02-09 10:55:16','en_proceso','Se acordaron nuevas condiciones para continuar el servicio.'),
  (72,30,103,'2026-01-15 12:24:09','completado',NULL),
  (73,5,116,'2026-02-17 20:12:21','cancelado','Servicio prestado sin inconvenientes. Muy satisfecho.'),
  (74,29,36,'2026-03-04 19:33:18','en_proceso','Se solicitó ajuste al entregable. Pendiente de revisión.'),
  (75,36,494,'2026-03-23 01:07:43','solicitado','Entregado antes del plazo acordado. Excelente calidad.'),
  (76,34,274,'2026-01-05 19:46:10','completado','Se acordaron nuevas condiciones para continuar el servicio.'),
  (77,3,74,'2026-01-27 21:14:00','cancelado','Servicio prestado sin inconvenientes. Muy satisfecho.'),
  (78,37,30,'2026-04-10 18:07:54','en_proceso','Servicio prestado sin inconvenientes. Muy satisfecho.'),
  (79,37,280,'2026-01-19 00:41:52','cancelado',NULL),
  (80,42,198,'2026-03-14 21:39:24','cancelado','Cancelado por cambio de planes del solicitante.'),
  (81,44,252,'2026-03-06 11:40:29','cancelado','Se solicitó ajuste al entregable. Pendiente de revisión.'),
  (82,30,275,'2026-04-03 07:09:18','en_proceso','Entregado antes del plazo acordado. Excelente calidad.'),
  (83,17,452,'2026-02-11 11:47:01','cancelado','Servicio excelente, altamente recomendado.'),
  (84,10,22,'2026-04-28 13:45:56','en_proceso','Entregado antes del plazo acordado. Excelente calidad.'),
  (85,9,431,'2026-04-01 06:25:26','cancelado',NULL),
  (86,47,232,'2026-04-24 12:29:23','completado','Se acordaron nuevas condiciones para continuar el servicio.'),
  (87,43,205,'2026-02-04 23:33:13','en_proceso','Cancelado por cambio de planes del solicitante.'),
  (88,46,98,'2026-02-19 23:42:50','completado',NULL),
  (89,36,442,'2026-04-15 11:41:19','en_proceso','Entregado antes del plazo acordado. Excelente calidad.'),
  (90,10,241,'2026-01-28 17:41:28','completado',NULL),
  (91,27,27,'2026-02-21 06:21:35','en_proceso','Entregado antes del plazo acordado. Excelente calidad.'),
  (92,34,222,'2026-02-16 14:01:44','en_proceso','Entregado antes del plazo acordado. Excelente calidad.'),
  (93,37,342,'2026-02-14 08:47:43','en_proceso','Entregado antes del plazo acordado. Excelente calidad.'),
  (94,37,401,'2026-02-20 04:26:20','cancelado','Cancelado por cambio de planes del solicitante.'),
  (95,48,67,'2026-05-05 10:39:59','solicitado','El proveedor fue puntual y profesional en todo momento.'),
  (96,5,44,'2026-01-06 00:58:55','solicitado','Se acordaron nuevas condiciones para continuar el servicio.'),
  (97,6,161,'2026-04-02 06:47:09','en_proceso','Servicio excelente, altamente recomendado.'),
  (98,5,186,'2026-03-22 18:57:53','cancelado',NULL),
  (99,22,361,'2026-02-14 09:19:06','en_proceso','Se solicitó ajuste al entregable. Pendiente de revisión.'),
  (100,11,213,'2026-01-31 17:58:39','cancelado','Se solicitó ajuste al entregable. Pendiente de revisión.'),
  (101,36,283,'2026-05-01 22:17:44','en_proceso','El proveedor fue puntual y profesional en todo momento.'),
  (102,43,485,'2026-02-07 14:06:48','solicitado','Se solicitó ajuste al entregable. Pendiente de revisión.'),
  (103,25,243,'2026-04-08 15:10:49','solicitado',NULL),
  (104,45,419,'2026-04-03 14:37:36','en_proceso',NULL),
  (105,2,497,'2026-05-06 21:36:22','completado','El proveedor fue puntual y profesional en todo momento.'),
  (106,24,36,'2026-02-15 04:39:19','cancelado','Se solicitó ajuste al entregable. Pendiente de revisión.'),
  (107,8,479,'2026-02-20 20:20:18','solicitado','Se acordaron nuevas condiciones para continuar el servicio.'),
  (108,39,410,'2026-05-07 00:39:57','cancelado','Se solicitó ajuste al entregable. Pendiente de revisión.'),
  (109,24,436,'2026-03-06 06:32:17','solicitado',NULL),
  (110,21,464,'2026-02-12 01:41:15','completado','Servicio excelente, altamente recomendado.'),
  (111,29,222,'2026-03-28 01:17:47','cancelado','El proveedor fue puntual y profesional en todo momento.'),
  (112,22,283,'2026-01-09 04:55:59','solicitado',NULL),
  (113,2,155,'2026-04-08 06:57:30','cancelado','Entregado antes del plazo acordado. Excelente calidad.'),
  (114,3,356,'2026-03-11 22:24:21','completado',NULL),
  (115,28,209,'2026-03-29 04:22:46','completado',NULL),
  (116,13,251,'2026-03-14 08:05:58','cancelado','El proveedor fue puntual y profesional en todo momento.'),
  (117,43,468,'2026-03-23 16:57:07','solicitado','Se solicitó ajuste al entregable. Pendiente de revisión.'),
  (118,49,55,'2026-03-04 02:11:23','solicitado','Se solicitó ajuste al entregable. Pendiente de revisión.'),
  (119,37,411,'2026-03-02 02:55:04','solicitado','Servicio prestado sin inconvenientes. Muy satisfecho.'),
  (120,48,414,'2026-03-29 19:04:09','cancelado','Se acordaron nuevas condiciones para continuar el servicio.'),
  (121,43,55,'2026-02-01 01:45:08','en_proceso','El proveedor fue puntual y profesional en todo momento.'),
  (122,12,47,'2026-01-24 00:27:50','en_proceso','Cancelado por cambio de planes del solicitante.'),
  (123,4,368,'2026-01-21 12:20:40','en_proceso',NULL),
  (124,13,363,'2026-05-07 19:45:11','cancelado','Servicio excelente, altamente recomendado.'),
  (125,47,347,'2026-01-16 14:11:32','solicitado','El proveedor fue puntual y profesional en todo momento.'),
  (126,12,499,'2026-02-20 08:09:56','en_proceso','El proveedor fue puntual y profesional en todo momento.'),
  (127,45,390,'2026-01-20 06:11:54','completado','Cancelado por cambio de planes del solicitante.'),
  (128,11,203,'2026-03-17 19:26:32','completado','Cancelado por cambio de planes del solicitante.'),
  (129,28,129,'2026-03-30 23:15:33','solicitado','Servicio excelente, altamente recomendado.'),
  (130,19,387,'2026-02-11 02:03:04','cancelado','Se acordaron nuevas condiciones para continuar el servicio.'),
  (131,47,31,'2026-04-21 02:43:48','cancelado','Servicio prestado sin inconvenientes. Muy satisfecho.'),
  (132,48,346,'2026-01-23 10:37:49','completado',NULL),
  (133,44,492,'2026-01-17 18:16:46','completado',NULL),
  (134,23,381,'2026-05-03 11:31:19','cancelado','Se acordaron nuevas condiciones para continuar el servicio.'),
  (135,35,382,'2026-02-18 07:37:10','solicitado','Se acordaron nuevas condiciones para continuar el servicio.'),
  (136,27,239,'2026-04-29 10:59:50','cancelado',NULL),
  (137,30,232,'2026-02-09 04:47:48','cancelado','Entregado antes del plazo acordado. Excelente calidad.'),
  (138,2,448,'2026-02-05 10:24:55','en_proceso','Entregado antes del plazo acordado. Excelente calidad.'),
  (139,24,8,'2026-04-22 21:57:11','en_proceso',NULL),
  (140,12,112,'2026-01-25 00:25:30','en_proceso','Servicio excelente, altamente recomendado.'),
  (141,22,102,'2026-01-06 15:25:10','completado',NULL),
  (142,18,117,'2026-02-18 15:38:46','cancelado','Entregado antes del plazo acordado. Excelente calidad.'),
  (143,28,486,'2026-02-10 15:42:03','completado','El proveedor fue puntual y profesional en todo momento.'),
  (144,5,488,'2026-03-24 22:30:38','completado','Se solicitó ajuste al entregable. Pendiente de revisión.'),
  (145,16,266,'2026-05-07 06:26:31','solicitado','Servicio excelente, altamente recomendado.'),
  (146,41,82,'2026-03-28 20:19:43','cancelado',NULL),
  (147,8,307,'2026-02-03 16:18:21','completado','Se solicitó ajuste al entregable. Pendiente de revisión.'),
  (148,24,290,'2026-05-02 02:01:28','completado','Entregado antes del plazo acordado. Excelente calidad.'),
  (149,16,108,'2026-03-25 22:14:58','completado',NULL),
  (150,18,285,'2026-03-29 18:50:21','en_proceso','Se solicitó ajuste al entregable. Pendiente de revisión.'),
  (151,21,401,'2026-02-28 22:37:39','en_proceso','Cancelado por cambio de planes del solicitante.'),
  (152,32,289,'2026-05-01 00:20:32','solicitado','Entregado antes del plazo acordado. Excelente calidad.'),
  (153,49,76,'2026-03-24 02:33:31','cancelado',NULL),
  (154,47,137,'2026-01-18 14:24:49','en_proceso','Servicio excelente, altamente recomendado.'),
  (155,46,74,'2026-04-04 01:30:15','en_proceso','Servicio prestado sin inconvenientes. Muy satisfecho.'),
  (156,21,183,'2026-05-04 17:09:50','completado','Se acordaron nuevas condiciones para continuar el servicio.'),
  (157,32,161,'2026-05-18 06:52:51','en_proceso',NULL),
  (158,39,62,'2026-03-17 23:03:47','en_proceso',NULL),
  (159,33,145,'2026-03-05 12:27:44','solicitado','Servicio excelente, altamente recomendado.'),
  (160,17,105,'2026-02-06 09:01:01','cancelado','El proveedor fue puntual y profesional en todo momento.'),
  (161,24,239,'2026-02-07 14:40:24','en_proceso',NULL),
  (162,29,389,'2026-03-22 03:59:17','cancelado','Servicio excelente, altamente recomendado.'),
  (163,13,362,'2026-04-27 09:10:37','en_proceso','Se acordaron nuevas condiciones para continuar el servicio.'),
  (164,2,64,'2026-01-14 10:35:30','completado','Se solicitó ajuste al entregable. Pendiente de revisión.'),
  (165,21,426,'2026-04-07 17:01:40','cancelado','Se acordaron nuevas condiciones para continuar el servicio.'),
  (166,26,92,'2026-03-25 19:53:48','solicitado','Servicio excelente, altamente recomendado.'),
  (167,21,290,'2026-01-11 16:03:46','en_proceso',NULL),
  (168,5,475,'2026-01-18 04:09:06','en_proceso','Cancelado por cambio de planes del solicitante.'),
  (169,6,387,'2026-04-03 11:21:05','cancelado','Se acordaron nuevas condiciones para continuar el servicio.'),
  (170,49,36,'2026-05-07 12:34:03','cancelado','Entregado antes del plazo acordado. Excelente calidad.'),
  (171,45,80,'2026-05-21 02:52:13','cancelado','Se solicitó ajuste al entregable. Pendiente de revisión.'),
  (172,8,391,'2026-03-08 07:15:03','solicitado','Servicio prestado sin inconvenientes. Muy satisfecho.'),
  (173,42,432,'2026-02-27 15:02:02','en_proceso','Cancelado por cambio de planes del solicitante.'),
  (174,10,489,'2026-02-05 16:20:20','cancelado','Entregado antes del plazo acordado. Excelente calidad.'),
  (175,2,262,'2026-03-16 15:01:42','cancelado',NULL),
  (176,5,21,'2026-02-21 18:02:13','en_proceso',NULL),
  (177,32,4,'2026-03-31 22:05:37','completado',NULL),
  (178,11,204,'2026-02-24 04:34:00','completado','Servicio excelente, altamente recomendado.'),
  (179,36,192,'2026-05-11 12:10:53','en_proceso',NULL),
  (180,17,172,'2026-02-20 10:57:16','cancelado','El proveedor fue puntual y profesional en todo momento.'),
  (181,42,147,'2026-04-26 00:28:38','cancelado','Cancelado por cambio de planes del solicitante.'),
  (182,12,58,'2026-01-11 12:51:06','en_proceso','Cancelado por cambio de planes del solicitante.'),
  (183,49,292,'2026-03-18 22:43:13','completado','Se acordaron nuevas condiciones para continuar el servicio.'),
  (184,30,28,'2026-02-28 18:56:56','completado','Cancelado por cambio de planes del solicitante.'),
  (185,33,13,'2026-03-21 00:13:53','en_proceso','Se acordaron nuevas condiciones para continuar el servicio.'),
  (186,14,256,'2026-04-10 23:20:29','cancelado',NULL),
  (187,49,85,'2026-05-06 15:35:38','completado','Cancelado por cambio de planes del solicitante.'),
  (188,5,316,'2026-01-28 00:54:01','solicitado','Servicio prestado sin inconvenientes. Muy satisfecho.'),
  (189,18,477,'2026-01-01 09:28:24','en_proceso','El proveedor fue puntual y profesional en todo momento.'),
  (190,4,189,'2026-02-25 20:12:27','completado','El proveedor fue puntual y profesional en todo momento.'),
  (191,18,214,'2026-01-06 09:49:02','solicitado','Servicio excelente, altamente recomendado.'),
  (192,10,135,'2026-04-27 06:07:58','solicitado',NULL),
  (193,12,8,'2026-01-29 02:46:15','cancelado',NULL),
  (194,45,286,'2026-03-11 08:01:44','cancelado','El proveedor fue puntual y profesional en todo momento.'),
  (195,47,355,'2026-02-09 06:04:25','cancelado','Servicio prestado sin inconvenientes. Muy satisfecho.'),
  (196,3,255,'2026-04-21 14:26:11','solicitado',NULL),
  (197,3,337,'2026-01-17 08:45:18','cancelado','Cancelado por cambio de planes del solicitante.'),
  (198,18,13,'2026-03-11 06:15:44','cancelado','Servicio prestado sin inconvenientes. Muy satisfecho.'),
  (199,42,23,'2026-04-22 17:44:31','en_proceso','Servicio prestado sin inconvenientes. Muy satisfecho.'),
  (200,19,187,'2026-01-23 19:23:29','cancelado',NULL);
SELECT setval('transacciones_servicio_id_transaccion_seq', 200);

-- ---------------------------------------------------------------------------
-- 14. productos (70)
-- ---------------------------------------------------------------------------
INSERT INTO productos
  (id_producto,id_usuario,id_tipo_producto,titulo,descripcion,
   precio,estado_oferta,fecha_publicacion)
VALUES
  (1,84,12,'Cable HDMI 2m Alta Velocidad #1','Material didáctico completo, incluye marcadores y notas.',1937563.73,'disponible','2026-03-24 23:40:22'),
  (2,209,6,'SSD 500GB Samsung #2','Prácticamente nuevo, usado solo un semestre.',1314942.51,'vendido','2026-03-16 04:52:43'),
  (3,385,16,'Webcam Logitech C920 HD #3','Prácticamente nuevo, usado solo un semestre.',1273944.41,'vendido','2026-01-23 19:16:56'),
  (4,71,11,'Cable HDMI 2m Alta Velocidad #4','Material didáctico completo, incluye marcadores y notas.',1643612.01,'en_reserva','2026-02-12 01:21:32'),
  (5,471,5,'Disco Duro 1TB Portátil #5','En buen estado general, con detalles mínimos de uso.',1899934.42,'en_reserva','2026-02-10 18:08:52'),
  (6,406,7,'Mouse Ergonómico Logitech #6','Artículo en excelente estado, poco uso, ideal para estudiantes.',2885582.93,'disponible','2026-05-09 17:02:33'),
  (7,54,19,'Libro Ingeniería de Software #7','En buen estado general, con detalles mínimos de uso.',3272078.32,'en_reserva','2026-02-12 23:14:43'),
  (8,364,11,'Tenis Nike Running #8','Artículo en excelente estado, poco uso, ideal para estudiantes.',1152695.8,'vendido','2026-05-21 12:33:42'),
  (9,420,13,'Uniforme ITPB Temporada 2025 #9','Producto funcional al 100%, se vende por cambio de equipo.',1241947.57,'vendido','2026-01-28 07:40:41'),
  (10,233,5,'Mochila Técnica Portátil #10','Material didáctico completo, incluye marcadores y notas.',22074.5,'en_reserva','2026-01-28 15:09:58'),
  (11,37,10,'Uniforme ITPB Temporada 2025 #11','Muy buen estado, vendo por no necesitarlo más.',1433297.15,'disponible','2026-05-19 20:06:52'),
  (12,98,1,'Libro Ingeniería de Software #12','Artículo en excelente estado, poco uso, ideal para estudiantes.',1049328.57,'disponible','2026-02-17 21:04:04'),
  (13,130,15,'Tablet Samsung Galaxy A8 #13','Prácticamente nuevo, usado solo un semestre.',3308163.64,'en_reserva','2026-04-14 00:44:38'),
  (14,154,11,'Mouse Ergonómico Logitech #14','En buen estado general, con detalles mínimos de uso.',745400.45,'vendido','2026-05-03 20:39:37'),
  (15,22,16,'Libro Cálculo Multivariable #15','Prácticamente nuevo, usado solo un semestre.',1132318.83,'disponible','2026-03-07 22:30:55'),
  (16,409,13,'Webcam Logitech C920 HD #16','Muy buen estado, vendo por no necesitarlo más.',361063.73,'en_reserva','2026-03-31 21:31:01'),
  (17,195,2,'Tenis Nike Running #17','Muy buen estado, vendo por no necesitarlo más.',3172446.45,'vendido','2026-03-06 17:05:05'),
  (18,126,4,'Bicicleta Estática Ejercicio #18','Prácticamente nuevo, usado solo un semestre.',2626701.73,'disponible','2026-05-01 01:20:19'),
  (19,283,15,'Mochila Técnica Portátil #19','Producto funcional al 100%, se vende por cambio de equipo.',1448912.68,'disponible','2026-02-02 18:55:43'),
  (20,400,1,'Calculadora Científica Casio fx-991 #20','Prácticamente nuevo, usado solo un semestre.',260466.64,'disponible','2026-04-29 08:44:36'),
  (21,199,18,'Libro Cálculo Multivariable #21','En buen estado general, con detalles mínimos de uso.',2058100.5,'en_reserva','2026-05-13 15:11:57'),
  (22,232,10,'iPhone SE 2024 #22','Artículo en excelente estado, poco uso, ideal para estudiantes.',1030197.57,'vendido','2026-04-20 03:43:09'),
  (23,496,3,'Mochila Técnica Portátil #23','Prácticamente nuevo, usado solo un semestre.',1712141.13,'disponible','2026-04-10 23:51:41'),
  (24,464,6,'Mouse Ergonómico Logitech #24','Artículo en excelente estado, poco uso, ideal para estudiantes.',1071922.66,'disponible','2026-03-29 21:37:54'),
  (25,253,8,'Bicicleta Estática Ejercicio #25','Muy buen estado, vendo por no necesitarlo más.',2458714.49,'disponible','2026-01-26 05:08:08'),
  (26,380,20,'SSD 500GB Samsung #26','Artículo en excelente estado, poco uso, ideal para estudiantes.',1544578.58,'vendido','2026-04-21 00:45:33'),
  (27,460,12,'Webcam Logitech C920 HD #27','Artículo en excelente estado, poco uso, ideal para estudiantes.',1476813.58,'disponible','2026-03-13 13:35:44'),
  (28,217,3,'Portátil Lenovo IdeaPad 5 #28','Artículo en excelente estado, poco uso, ideal para estudiantes.',934459.01,'en_reserva','2026-04-02 15:25:32'),
  (29,471,8,'Auriculares Sony WH-1000XM5 #29','Artículo en excelente estado, poco uso, ideal para estudiantes.',103900.28,'disponible','2026-02-17 21:12:28'),
  (30,338,18,'Cable HDMI 2m Alta Velocidad #30','Producto funcional al 100%, se vende por cambio de equipo.',935263.26,'disponible','2026-02-17 18:26:07'),
  (31,287,2,'Uniforme ITPB Temporada 2025 #31','Producto original con todos sus accesorios y caja.',532907.56,'disponible','2026-04-11 00:23:03'),
  (32,262,1,'Tablet Samsung Galaxy A8 #32','Producto funcional al 100%, se vende por cambio de equipo.',2337370.95,'en_reserva','2026-05-16 00:19:56'),
  (33,416,5,'Kit de Robótica Arduino #33','Producto original con todos sus accesorios y caja.',3014838.19,'disponible','2026-02-18 21:30:30'),
  (34,246,7,'Tablet Samsung Galaxy A8 #34','Producto original con todos sus accesorios y caja.',1369744.23,'en_reserva','2026-05-19 02:09:42'),
  (35,66,17,'Auriculares Sony WH-1000XM5 #35','Muy buen estado, vendo por no necesitarlo más.',2666602.72,'vendido','2026-05-12 02:36:10'),
  (36,127,14,'Cable HDMI 2m Alta Velocidad #36','Producto original con todos sus accesorios y caja.',2901355.23,'vendido','2026-01-16 13:02:55'),
  (37,165,13,'Libro Ingeniería de Software #37','Producto original con todos sus accesorios y caja.',2357362.81,'vendido','2026-04-11 14:38:53'),
  (38,444,8,'Auriculares Sony WH-1000XM5 #38','Prácticamente nuevo, usado solo un semestre.',2159837.3,'en_reserva','2026-04-15 20:55:48'),
  (39,326,6,'Uniforme ITPB Temporada 2025 #39','Producto funcional al 100%, se vende por cambio de equipo.',1833979.55,'vendido','2026-01-20 13:38:01'),
  (40,214,3,'Webcam Logitech C920 HD #40','Artículo en excelente estado, poco uso, ideal para estudiantes.',2471570.82,'disponible','2026-01-11 11:17:25'),
  (41,144,15,'Kit de Robótica Arduino #41','En buen estado general, con detalles mínimos de uso.',2930409.16,'en_reserva','2026-03-25 09:54:30'),
  (42,262,16,'Mouse Ergonómico Logitech #42','Muy buen estado, vendo por no necesitarlo más.',3051633.5,'en_reserva','2026-02-05 15:21:05'),
  (43,355,16,'Kit de Robótica Arduino #43','Producto funcional al 100%, se vende por cambio de equipo.',1819151.58,'en_reserva','2026-01-17 08:40:17'),
  (44,479,9,'Monitor LG 24 Full HD #44','Producto funcional al 100%, se vende por cambio de equipo.',1807042.33,'vendido','2026-03-24 07:36:12'),
  (45,179,10,'Mochila Técnica Portátil #45','Muy buen estado, vendo por no necesitarlo más.',1185794.73,'en_reserva','2026-04-16 08:16:38'),
  (46,218,7,'Disco Duro 1TB Portátil #46','Muy buen estado, vendo por no necesitarlo más.',504686.3,'en_reserva','2026-03-17 06:43:43'),
  (47,186,18,'Webcam Logitech C920 HD #47','En buen estado general, con detalles mínimos de uso.',731536.41,'vendido','2026-05-14 05:07:46'),
  (48,371,10,'Uniforme ITPB Temporada 2025 #48','Producto original con todos sus accesorios y caja.',2101496.73,'en_reserva','2026-03-28 05:56:41'),
  (49,415,16,'Cable HDMI 2m Alta Velocidad #49','Producto original con todos sus accesorios y caja.',1382873.22,'en_reserva','2026-03-11 18:29:34'),
  (50,175,5,'Teclado Mecánico Gamer #50','Producto funcional al 100%, se vende por cambio de equipo.',270734.85,'disponible','2026-04-07 17:25:00'),
  (51,35,7,'Teclado Mecánico Gamer #51','Prácticamente nuevo, usado solo un semestre.',1602566.77,'en_reserva','2026-03-12 16:36:26'),
  (52,102,9,'Libro Cálculo Multivariable #52','Prácticamente nuevo, usado solo un semestre.',2205832.29,'vendido','2026-01-28 15:27:24'),
  (53,161,4,'Auriculares Sony WH-1000XM5 #53','Producto original con todos sus accesorios y caja.',447749.76,'disponible','2026-01-11 02:17:06'),
  (54,281,18,'Teclado Mecánico Gamer #54','Producto original con todos sus accesorios y caja.',2747869.82,'en_reserva','2026-04-19 06:02:57'),
  (55,339,19,'Libro Cálculo Multivariable #55','Artículo en excelente estado, poco uso, ideal para estudiantes.',407783.5,'en_reserva','2026-03-12 09:27:15'),
  (56,119,8,'Disco Duro 1TB Portátil #56','Producto funcional al 100%, se vende por cambio de equipo.',2005747.51,'vendido','2026-04-01 07:09:01'),
  (57,284,19,'Kit de Robótica Arduino #57','Muy buen estado, vendo por no necesitarlo más.',785155.62,'vendido','2026-02-22 17:39:01'),
  (58,489,6,'Portátil Lenovo IdeaPad 5 #58','Producto funcional al 100%, se vende por cambio de equipo.',2596787.26,'vendido','2026-05-05 03:06:15'),
  (59,433,14,'Uniforme ITPB Temporada 2025 #59','Producto original con todos sus accesorios y caja.',1619083.01,'disponible','2026-02-14 07:17:06'),
  (60,2,8,'Monitor LG 24 Full HD #60','Prácticamente nuevo, usado solo un semestre.',2037138.75,'en_reserva','2026-04-09 14:13:14'),
  (61,52,3,'Libro Python para Ciencia de Datos #61','Material didáctico completo, incluye marcadores y notas.',1565583.08,'disponible','2026-04-09 19:48:24'),
  (62,12,18,'Teclado Mecánico Gamer #62','Producto original con todos sus accesorios y caja.',3088685.94,'vendido','2026-04-22 16:21:20'),
  (63,11,16,'Calculadora Científica Casio fx-991 #63','Producto funcional al 100%, se vende por cambio de equipo.',1369894.34,'vendido','2026-02-22 11:09:45'),
  (64,40,20,'Mouse Ergonómico Logitech #64','Producto original con todos sus accesorios y caja.',2762483.43,'disponible','2026-02-25 10:22:25'),
  (65,141,8,'Monitor LG 24 Full HD #65','Producto original con todos sus accesorios y caja.',1340465.33,'vendido','2026-01-07 21:59:36'),
  (66,125,3,'Bicicleta Estática Ejercicio #66','Material didáctico completo, incluye marcadores y notas.',2804350.23,'vendido','2026-03-30 11:24:01'),
  (67,252,14,'Bicicleta Estática Ejercicio #67','Prácticamente nuevo, usado solo un semestre.',331323.95,'vendido','2026-03-31 07:17:23'),
  (68,467,9,'Tenis Nike Running #68','Producto original con todos sus accesorios y caja.',606524.96,'en_reserva','2026-05-13 19:33:51'),
  (69,101,2,'Mouse Ergonómico Logitech #69','En buen estado general, con detalles mínimos de uso.',186965.27,'disponible','2026-01-24 22:58:10'),
  (70,48,20,'Webcam Logitech C920 HD #70','Artículo en excelente estado, poco uso, ideal para estudiantes.',891361.09,'en_reserva','2026-03-07 14:09:18');
SELECT setval('productos_id_producto_seq', 70);

-- ---------------------------------------------------------------------------
-- 15. eventos (50) — enfocados en gestión de eventos universitarios 2026
-- ---------------------------------------------------------------------------
INSERT INTO eventos
  (id_evento,id_creador,id_tipo_evento,nombre_evento,
  fecha_hora_inicio,fecha_hora_fin,ubicacion,descripcion,estado)
VALUES
  (1,73,14,'Feria de Emprendimiento Pascual Bravo 2026',
   '2026-03-13 05:14:26','2026-03-13 10:14:26','Laboratorio de Cómputo C-102','Competencia académica que estimula el pensamiento crítico, lógico y creativo de los participantes.','programado'),
  (2,119,3,'Congreso de Ingeniería y Tecnología',
   '2026-01-14 18:41:50','2026-01-14 21:41:50','Biblioteca Central – Sala Magna','Competencia académica que estimula el pensamiento crítico, lógico y creativo de los participantes.','cancelado'),
  (3,483,14,'Hackathon ITPB – Soluciones Urbanas',
   '2026-02-12 07:01:51','2026-02-12 11:01:51','Sala de Innovación – Bloque D','Actividad académica diseñada para fortalecer competencias y habilidades prácticas en entornos reales.','programado'),
  (4,396,4,'Semana de la Innovación y el Diseño',
   '2026-03-10 05:34:07','2026-03-10 13:34:07','Online – Microsoft Teams','Taller práctico con expertos del sector para desarrollar habilidades de alta demanda laboral.','en_curso'),
  (5,79,18,'Torneo Deportivo Interfacultades 2026',
   '2026-02-17 07:50:00','2026-02-17 13:50:00','Sala de Emprendimiento','Evento de integración que promueve la cultura, el arte y el deporte en la comunidad universitaria.','finalizado'),
  (6,263,1,'Concierto Cultural de Bienvenida',
   '2026-05-09 16:57:03','2026-05-09 23:57:03','Laboratorio de Cómputo C-102','Evento de integración que promueve la cultura, el arte y el deporte en la comunidad universitaria.','programado'),
  (7,241,5,'Taller de Inteligencia Artificial Generativa',
   '2026-02-03 07:55:38','2026-02-03 13:55:38','Sala de Innovación – Bloque D','Encuentro multidisciplinar para presentar avances investigativos y proyectos innovadores.','cancelado'),
  (8,126,15,'Conferencia de Egresados Destacados',
   '2026-02-14 22:07:45','2026-02-15 02:07:45','Laboratorio de Cómputo C-102','Feria de oportunidades laborales con empresas aliadas del sector tecnológico e industrial.','programado'),
  (9,35,13,'Foro de Seguridad Informática',
   '2026-02-04 00:18:29','2026-02-04 08:18:29','Aula Magna – Bloque E','Conferencia magistral con panelistas nacionales e internacionales sobre temas de vanguardia.','cancelado'),
  (10,456,17,'Expo Proyectos de Grado 2026',
   '2026-04-30 20:33:22','2026-05-01 03:33:22','Laboratorio de Robótica','Encuentro multidisciplinar para presentar avances investigativos y proyectos innovadores.','cancelado'),
  (11,86,17,'Congreso de Energías Renovables',
   '2026-05-08 04:51:02','2026-05-08 08:51:02','Sala de Conferencias B-305','Feria de oportunidades laborales con empresas aliadas del sector tecnológico e industrial.','finalizado'),
  (12,432,10,'Carnaval Estudiantil 2026',
   '2026-01-30 19:57:26','2026-01-31 02:57:26','Plazoleta Central','Encuentro multidisciplinar para presentar avances investigativos y proyectos innovadores.','finalizado'),
  (13,13,11,'Taller de Emprendimiento con IA',
   '2026-05-05 06:48:01','2026-05-05 10:48:01','Plazoleta Central','Evento de integración que promueve la cultura, el arte y el deporte en la comunidad universitaria.','cancelado'),
  (14,443,19,'Semana de la Salud y el Bienestar',
   '2026-02-05 20:50:19','2026-02-06 03:50:19','Polideportivo Pascual Bravo','Evento de integración que promueve la cultura, el arte y el deporte en la comunidad universitaria.','programado'),
  (15,462,8,'Congreso Internacional de Software Libre',
   '2026-04-23 08:31:25','2026-04-23 16:31:25','Centro de Bienestar Universitario','Actividad orientada al bienestar estudiantil, fomento de estilos de vida saludables y convivencia.','finalizado'),
  (16,452,7,'Festival de Robótica Educativa',
   '2026-04-29 04:26:03','2026-04-29 08:26:03','Laboratorio de Cómputo C-102','Actividad académica diseñada para fortalecer competencias y habilidades prácticas en entornos reales.','finalizado'),
  (17,192,2,'Taller de Diseño Gráfico Digital',
   '2026-03-31 14:58:24','2026-03-31 21:58:24','Sala de Conferencias B-305','Feria de oportunidades laborales con empresas aliadas del sector tecnológico e industrial.','finalizado'),
  (18,182,17,'Conferencia de Ciberseguridad para Pymes',
   '2026-05-03 01:59:55','2026-05-03 09:59:55','Sala de Conferencias B-305','Taller práctico con expertos del sector para desarrollar habilidades de alta demanda laboral.','finalizado'),
  (19,100,10,'Feria Laboral Pascual Bravo 2026',
   '2026-05-10 05:00:06','2026-05-10 08:00:06','Centro de Bienestar Universitario','Competencia académica que estimula el pensamiento crítico, lógico y creativo de los participantes.','finalizado'),
  (20,31,1,'Simposio de Manufactura Avanzada',
   '2026-05-11 06:40:33','2026-05-11 12:40:33','Auditorio Principal – Bloque A','Actividad orientada al bienestar estudiantil, fomento de estilos de vida saludables y convivencia.','cancelado'),
  (21,172,20,'Taller de Desarrollo Web con React',
   '2026-04-28 11:39:20','2026-04-28 16:39:20','Teatro Universitario','Espacio de networking e intercambio de conocimientos entre estudiantes, docentes y sector productivo.','programado'),
  (22,453,15,'Evento de Liderazgo Estudiantil',
   '2026-05-05 13:48:32','2026-05-05 14:48:32','Aula Magna – Bloque E','Competencia académica que estimula el pensamiento crítico, lógico y creativo de los participantes.','programado'),
  (23,496,5,'Olimpiadas de Matemáticas 2026',
   '2026-04-07 10:42:45','2026-04-07 18:42:45','Centro de Bienestar Universitario','Encuentro multidisciplinar para presentar avances investigativos y proyectos innovadores.','en_curso'),
  (24,73,7,'Foro de Inclusión y Diversidad',
   '2026-01-24 19:24:17','2026-01-25 02:24:17','Polideportivo Pascual Bravo','Espacio de networking e intercambio de conocimientos entre estudiantes, docentes y sector productivo.','programado'),
  (25,156,1,'Conferencia de Blockchain y Fintech',
   '2026-02-04 06:26:36','2026-02-04 10:26:36','Plazoleta Central','Evento de integración que promueve la cultura, el arte y el deporte en la comunidad universitaria.','cancelado'),
  (26,281,19,'Maratón de Programación – Code24h',
   '2026-03-07 06:00:04','2026-03-07 09:00:04','Sala de Emprendimiento','Espacio de networking e intercambio de conocimientos entre estudiantes, docentes y sector productivo.','finalizado'),
  (27,373,16,'Jornada de Inducción Nuevos Estudiantes',
   '2026-01-17 07:29:58','2026-01-17 10:29:58','Pabellón de Tecnología','Actividad orientada al bienestar estudiantil, fomento de estilos de vida saludables y convivencia.','programado'),
  (28,41,15,'Taller de Fotografía y Comunicación Visual',
   '2026-03-29 19:46:23','2026-03-30 03:46:23','Biblioteca Central – Sala Magna','Feria de oportunidades laborales con empresas aliadas del sector tecnológico e industrial.','finalizado'),
  (29,324,11,'Congreso de Automatización Industrial',
   '2026-05-15 04:42:43','2026-05-15 09:42:43','Laboratorio de Robótica','Feria de oportunidades laborales con empresas aliadas del sector tecnológico e industrial.','en_curso'),
  (30,116,1,'Festival Gastronómico Universitario',
   '2026-04-22 15:17:21','2026-04-22 20:17:21','Campus Norte – Zona Verde','Conferencia magistral con panelistas nacionales e internacionales sobre temas de vanguardia.','programado'),
  (31,488,19,'Simposio de Gestión de Proyectos',
   '2026-03-18 08:06:52','2026-03-18 11:06:52','Online – Microsoft Teams','Jornada formativa enfocada en las últimas tendencias tecnológicas y su aplicación en la industria.','en_curso'),
  (32,451,8,'Taller de Oratoria y Debate',
   '2026-04-29 04:59:06','2026-04-29 10:59:06','Plazoleta Central','Conferencia magistral con panelistas nacionales e internacionales sobre temas de vanguardia.','cancelado'),
  (33,291,11,'Encuentro de Semilleros de Investigación',
   '2026-03-18 02:15:10','2026-03-18 10:15:10','Pabellón de Tecnología','Actividad académica diseñada para fortalecer competencias y habilidades prácticas en entornos reales.','finalizado'),
  (34,475,2,'Conferencia de Machine Learning Aplicado',
   '2026-04-22 12:52:27','2026-04-22 15:52:27','Plazoleta Central','Actividad orientada al bienestar estudiantil, fomento de estilos de vida saludables y convivencia.','programado'),
  (35,171,12,'Jornada de Voluntariado y Responsabilidad Social',
   '2026-01-31 09:15:31','2026-01-31 17:15:31','Pabellón de Tecnología','Conferencia magistral con panelistas nacionales e internacionales sobre temas de vanguardia.','en_curso'),
  (36,208,14,'Foro Ambiental Universitario 2026',
   '2026-03-02 09:15:39','2026-03-02 12:15:39','Teatro Universitario','Evento de integración que promueve la cultura, el arte y el deporte en la comunidad universitaria.','finalizado'),
  (37,304,13,'Taller de Marketing Digital',
   '2026-01-22 03:05:05','2026-01-22 04:05:05','Laboratorio de Cómputo C-102','Competencia académica que estimula el pensamiento crítico, lógico y creativo de los participantes.','cancelado'),
  (38,253,3,'Concierto de Música Clásica en el Campus',
   '2026-02-08 01:00:30','2026-02-08 04:00:30','Auditorio Principal – Bloque A','Evento de integración que promueve la cultura, el arte y el deporte en la comunidad universitaria.','finalizado'),
  (39,432,12,'Seminario de Ética en Tecnología',
   '2026-04-02 21:36:05','2026-04-02 22:36:05','Laboratorio de Cómputo C-102','Encuentro multidisciplinar para presentar avances investigativos y proyectos innovadores.','finalizado'),
  (40,52,2,'Taller de Contabilidad Básica',
   '2026-01-22 01:39:00','2026-01-22 05:39:00','Laboratorio de Robótica','Evento de integración que promueve la cultura, el arte y el deporte en la comunidad universitaria.','cancelado'),
  (41,422,16,'Conferencia de Realidad Aumentada y VR',
   '2026-01-28 08:37:18','2026-01-28 10:37:18','Sala de Emprendimiento','Feria de oportunidades laborales con empresas aliadas del sector tecnológico e industrial.','finalizado'),
  (42,71,3,'Jornada de Salud Mental Estudiantil',
   '2026-04-29 19:54:16','2026-04-29 22:54:16','Aula Magna – Bloque E','Competencia académica que estimula el pensamiento crítico, lógico y creativo de los participantes.','programado'),
  (43,255,20,'Torneo de Ajedrez Universitario',
   '2026-02-27 22:18:02','2026-02-28 05:18:02','Sala de Emprendimiento','Taller práctico con expertos del sector para desarrollar habilidades de alta demanda laboral.','en_curso'),
  (44,356,16,'Feria de Ciencias Exactas',
   '2026-04-26 11:32:19','2026-04-26 16:32:19','Aula Magna – Bloque E','Conferencia magistral con panelistas nacionales e internacionales sobre temas de vanguardia.','cancelado'),
  (45,414,8,'Taller de Manufactura con Impresión 3D',
   '2026-03-21 21:20:13','2026-03-22 01:20:13','Campus Norte – Zona Verde','Evento de integración que promueve la cultura, el arte y el deporte en la comunidad universitaria.','en_curso'),
  (46,19,3,'Congreso Latinoamericano de IoT',
   '2026-01-16 18:56:07','2026-01-16 21:56:07','Sala de Conferencias B-305','Actividad orientada al bienestar estudiantil, fomento de estilos de vida saludables y convivencia.','en_curso'),
  (47,77,3,'Encuentro de Alumni 2026',
   '2026-03-14 10:44:20','2026-03-14 14:44:20','Centro de Bienestar Universitario','Actividad orientada al bienestar estudiantil, fomento de estilos de vida saludables y convivencia.','cancelado'),
  (48,210,4,'Seminario de Finanzas Personales',
   '2026-03-19 22:13:57','2026-03-20 06:13:57','Aula Magna – Bloque E','Espacio de networking e intercambio de conocimientos entre estudiantes, docentes y sector productivo.','finalizado'),
  (49,81,13,'Taller de Comunicación Asertiva',
   '2026-02-19 11:04:03','2026-02-19 12:04:03','Sala de Emprendimiento','Encuentro multidisciplinar para presentar avances investigativos y proyectos innovadores.','cancelado'),
  (50,96,16,'Clausura del Semestre 2026-1',
   '2026-04-29 21:25:50','2026-04-30 03:25:50','Campus Norte – Zona Verde','Evento de integración que promueve la cultura, el arte y el deporte en la comunidad universitaria.','finalizado');
SELECT setval('eventos_id_evento_seq', 50);

-- ---------------------------------------------------------------------------
-- 16. evento_usuarios (300)
-- ---------------------------------------------------------------------------
INSERT INTO evento_usuarios
  (id_evento,id_usuario,fecha_suscripcion,estado_asistencia,comentarios,likes)
VALUES
  (48,495,'2026-04-19 21:20:58','pendiente','Excelente evento, muy bien organizado.',2),
  (17,213,'2026-01-24 15:56:21','pendiente','Excelente evento, muy bien organizado.',2),
  (16,263,'2026-05-07 08:58:12','pendiente',NULL,0),
  (50,5,'2026-04-03 22:21:51','asistio',NULL,0),
  (7,248,'2026-05-09 06:13:09','asistio','Muy buen espacio de networking.',8),
  (26,456,'2026-05-16 18:39:59','pendiente',NULL,0),
  (30,494,'2026-05-21 09:34:48','no_asistio','Excelente evento, muy bien organizado.',4),
  (22,10,'2026-04-15 18:40:50','confirmado',NULL,6),
  (30,469,'2026-03-01 10:53:37','pendiente',NULL,4),
  (20,457,'2026-01-10 07:42:57','asistio',NULL,4),
  (1,272,'2026-02-28 01:14:52','no_asistio','Me encantó la actividad, la recomiendo.',6),
  (1,221,'2026-01-13 02:51:51','asistio',NULL,0),
  (33,445,'2026-03-20 19:42:03','no_asistio','Me encantó la actividad, la recomiendo.',8),
  (43,283,'2026-03-15 03:54:15','no_asistio',NULL,2),
  (35,336,'2026-02-21 00:43:27','confirmado',NULL,10),
  (16,485,'2026-05-03 00:06:08','asistio','El ponente fue muy claro y dinámico.',10),
  (19,344,'2026-03-07 13:10:57','no_asistio','Me encantó la actividad, la recomiendo.',2),
  (24,50,'2026-03-15 09:34:44','confirmado','Aprendí mucho, espero que se repita pronto.',2),
  (8,437,'2026-01-01 07:04:49','asistio','El ponente fue muy claro y dinámico.',1),
  (49,232,'2026-03-28 03:32:49','no_asistio','Aprendí mucho, espero que se repita pronto.',7),
  (43,315,'2026-03-13 02:22:50','confirmado',NULL,2),
  (25,413,'2026-02-18 17:16:46','confirmado','Aprendí mucho, espero que se repita pronto.',1),
  (11,75,'2026-03-29 05:33:52','pendiente',NULL,10),
  (23,16,'2026-03-29 12:50:48','no_asistio','Aprendí mucho, espero que se repita pronto.',8),
  (50,416,'2026-04-14 06:10:12','no_asistio','Aprendí mucho, espero que se repita pronto.',3),
  (43,479,'2026-05-07 17:49:29','no_asistio',NULL,10),
  (24,102,'2026-01-11 01:28:12','confirmado',NULL,0),
  (24,333,'2026-03-28 13:47:53','confirmado',NULL,7),
  (6,69,'2026-01-25 19:33:35','confirmado','El ponente fue muy claro y dinámico.',7),
  (32,284,'2026-03-29 03:39:51','confirmado',NULL,3),
  (20,275,'2026-04-19 09:02:54','confirmado','Excelente evento, muy bien organizado.',4),
  (43,494,'2026-02-05 22:16:52','no_asistio','El ponente fue muy claro y dinámico.',4),
  (22,436,'2026-04-16 02:33:23','confirmado',NULL,4),
  (48,154,'2026-04-15 00:01:18','asistio','El ponente fue muy claro y dinámico.',1),
  (9,477,'2026-05-15 19:38:54','confirmado',NULL,1),
  (7,500,'2026-03-09 10:20:56','confirmado','El ponente fue muy claro y dinámico.',9),
  (14,299,'2026-01-21 07:03:17','asistio','Aprendí mucho, espero que se repita pronto.',8),
  (37,446,'2026-05-20 09:58:35','asistio','Aprendí mucho, espero que se repita pronto.',6),
  (49,477,'2026-01-11 09:58:56','no_asistio','Aprendí mucho, espero que se repita pronto.',10),
  (22,138,'2026-01-14 04:04:06','confirmado','Aprendí mucho, espero que se repita pronto.',7),
  (3,241,'2026-04-03 12:34:06','asistio','El ponente fue muy claro y dinámico.',9),
  (36,459,'2026-03-05 02:21:10','pendiente','Aprendí mucho, espero que se repita pronto.',10),
  (2,241,'2026-02-25 23:45:08','pendiente','Me encantó la actividad, la recomiendo.',6),
  (1,349,'2026-05-14 08:36:50','pendiente',NULL,8),
  (16,31,'2026-04-21 06:39:42','no_asistio','Me encantó la actividad, la recomiendo.',8),
  (19,177,'2026-02-04 12:37:26','asistio','Muy buen espacio de networking.',3),
  (40,439,'2026-02-01 22:26:16','no_asistio','Excelente evento, muy bien organizado.',1),
  (26,303,'2026-02-18 23:16:44','pendiente','El ponente fue muy claro y dinámico.',10),
  (38,62,'2026-03-05 04:45:02','pendiente','Me encantó la actividad, la recomiendo.',0),
  (47,37,'2026-04-12 04:13:17','confirmado','Excelente evento, muy bien organizado.',10),
  (14,368,'2026-01-29 22:00:26','confirmado',NULL,3),
  (29,74,'2026-02-07 23:41:50','confirmado',NULL,5),
  (27,194,'2026-05-13 21:17:28','pendiente','El ponente fue muy claro y dinámico.',3),
  (25,181,'2026-02-18 21:54:42','pendiente',NULL,7),
  (18,224,'2026-01-13 08:00:27','no_asistio','El ponente fue muy claro y dinámico.',0),
  (4,384,'2026-04-28 16:18:13','no_asistio','Aprendí mucho, espero que se repita pronto.',4),
  (10,146,'2026-03-13 05:27:49','confirmado',NULL,8),
  (5,301,'2026-04-27 11:19:41','pendiente',NULL,3),
  (45,443,'2026-03-12 15:24:17','pendiente',NULL,3),
  (29,464,'2026-02-04 00:49:15','no_asistio',NULL,3),
  (36,261,'2026-02-07 03:17:46','asistio','Muy buen espacio de networking.',1),
  (18,442,'2026-05-13 09:47:25','confirmado','Aprendí mucho, espero que se repita pronto.',9),
  (7,124,'2026-03-14 08:51:15','pendiente',NULL,8),
  (1,77,'2026-01-06 10:49:44','no_asistio',NULL,0),
  (31,100,'2026-02-17 03:46:19','no_asistio','Muy buen espacio de networking.',4),
  (38,103,'2026-04-13 21:53:38','asistio','Aprendí mucho, espero que se repita pronto.',6),
  (31,320,'2026-02-20 07:20:02','asistio',NULL,7),
  (49,124,'2026-05-17 10:31:14','no_asistio','Excelente evento, muy bien organizado.',1),
  (7,290,'2026-02-05 07:26:55','confirmado','Me encantó la actividad, la recomiendo.',7),
  (27,274,'2026-01-19 03:43:35','no_asistio','El ponente fue muy claro y dinámico.',3),
  (48,110,'2026-02-25 11:06:02','asistio','Excelente evento, muy bien organizado.',9),
  (27,62,'2026-03-13 20:37:56','no_asistio','Me encantó la actividad, la recomiendo.',1),
  (22,473,'2026-03-02 19:07:05','asistio','Me encantó la actividad, la recomiendo.',0),
  (31,353,'2026-03-12 17:10:42','confirmado',NULL,3),
  (27,455,'2026-03-26 03:05:32','pendiente','Muy buen espacio de networking.',0),
  (28,357,'2026-03-31 11:48:28','pendiente','Excelente evento, muy bien organizado.',1),
  (41,293,'2026-01-06 21:17:12','pendiente','El ponente fue muy claro y dinámico.',3),
  (48,24,'2026-02-15 06:52:13','pendiente','El ponente fue muy claro y dinámico.',4),
  (30,32,'2026-04-26 07:39:08','confirmado','Aprendí mucho, espero que se repita pronto.',3),
  (24,322,'2026-03-18 21:27:09','confirmado','El ponente fue muy claro y dinámico.',7),
  (25,4,'2026-02-13 11:02:34','pendiente',NULL,1),
  (6,392,'2026-02-10 06:04:09','no_asistio','Aprendí mucho, espero que se repita pronto.',6),
  (15,359,'2026-02-12 08:45:33','asistio',NULL,2),
  (39,273,'2026-02-25 14:27:11','no_asistio','Muy buen espacio de networking.',5),
  (17,311,'2026-02-24 23:51:49','confirmado','Me encantó la actividad, la recomiendo.',6),
  (19,193,'2026-05-18 14:59:05','confirmado','El ponente fue muy claro y dinámico.',0),
  (15,378,'2026-05-17 03:35:30','no_asistio','El ponente fue muy claro y dinámico.',0),
  (34,93,'2026-05-18 07:51:08','pendiente','Excelente evento, muy bien organizado.',8),
  (39,279,'2026-01-19 07:34:35','confirmado',NULL,8),
  (35,48,'2026-03-08 08:21:35','pendiente','El ponente fue muy claro y dinámico.',0),
  (28,252,'2026-02-22 04:51:50','pendiente','Aprendí mucho, espero que se repita pronto.',8),
  (10,320,'2026-04-24 02:27:46','confirmado',NULL,7),
  (11,349,'2026-03-12 10:01:02','confirmado','Excelente evento, muy bien organizado.',10),
  (45,13,'2026-01-08 02:20:10','confirmado','Aprendí mucho, espero que se repita pronto.',3),
  (31,488,'2026-01-26 14:50:57','asistio','Excelente evento, muy bien organizado.',10),
  (48,496,'2026-01-07 23:09:22','asistio',NULL,10),
  (8,407,'2026-05-10 20:18:48','asistio','Muy buen espacio de networking.',2),
  (6,280,'2026-02-07 19:42:36','no_asistio','Muy buen espacio de networking.',7),
  (34,467,'2026-01-20 04:11:52','asistio','Excelente evento, muy bien organizado.',5),
  (25,241,'2026-01-11 16:27:29','confirmado','Excelente evento, muy bien organizado.',9),
  (4,2,'2026-03-08 07:24:22','asistio','Aprendí mucho, espero que se repita pronto.',5),
  (47,265,'2026-03-12 16:09:25','no_asistio','Aprendí mucho, espero que se repita pronto.',3),
  (27,77,'2026-03-10 16:14:20','asistio','Excelente evento, muy bien organizado.',5),
  (20,421,'2026-02-13 18:24:46','confirmado','Excelente evento, muy bien organizado.',10),
  (31,28,'2026-04-15 06:15:26','no_asistio',NULL,0),
  (50,320,'2026-05-15 05:08:04','confirmado','Muy buen espacio de networking.',0),
  (8,444,'2026-04-11 08:53:33','confirmado','Excelente evento, muy bien organizado.',4),
  (41,376,'2026-03-08 20:11:35','no_asistio',NULL,3),
  (34,100,'2026-04-07 22:48:12','confirmado',NULL,4),
  (16,80,'2026-01-17 04:44:25','asistio','El ponente fue muy claro y dinámico.',8),
  (37,331,'2026-03-20 13:19:10','confirmado','Me encantó la actividad, la recomiendo.',6),
  (49,368,'2026-02-03 11:46:46','no_asistio','Me encantó la actividad, la recomiendo.',1),
  (20,492,'2026-03-06 02:29:55','confirmado',NULL,4),
  (41,200,'2026-02-10 11:48:23','asistio','Excelente evento, muy bien organizado.',2),
  (26,404,'2026-02-28 23:43:23','asistio','El ponente fue muy claro y dinámico.',4),
  (13,492,'2026-01-06 21:05:30','no_asistio','Muy buen espacio de networking.',6),
  (19,263,'2026-05-16 16:58:58','confirmado','Me encantó la actividad, la recomiendo.',1),
  (24,124,'2026-05-09 16:11:53','asistio',NULL,2),
  (30,313,'2026-01-16 21:44:21','confirmado','Muy buen espacio de networking.',10),
  (41,30,'2026-03-16 07:13:58','pendiente','Me encantó la actividad, la recomiendo.',5),
  (13,425,'2026-05-15 08:37:20','confirmado',NULL,3),
  (10,413,'2026-01-27 02:06:45','no_asistio',NULL,1),
  (35,25,'2026-02-20 07:37:05','pendiente',NULL,3),
  (9,208,'2026-03-24 07:02:56','no_asistio','Excelente evento, muy bien organizado.',1),
  (6,471,'2026-05-10 15:48:20','no_asistio','Aprendí mucho, espero que se repita pronto.',7),
  (33,440,'2026-04-15 17:46:55','confirmado','Excelente evento, muy bien organizado.',2),
  (14,421,'2026-01-07 00:37:06','asistio',NULL,1),
  (36,66,'2026-05-15 00:15:44','no_asistio',NULL,7),
  (41,360,'2026-05-08 08:46:18','confirmado',NULL,0),
  (40,349,'2026-02-24 12:23:39','asistio','El ponente fue muy claro y dinámico.',0),
  (5,160,'2026-01-19 03:55:33','asistio','Aprendí mucho, espero que se repita pronto.',8),
  (19,116,'2026-03-01 12:33:30','asistio','Excelente evento, muy bien organizado.',9),
  (9,388,'2026-04-15 06:10:52','pendiente','Me encantó la actividad, la recomiendo.',9),
  (39,259,'2026-02-07 02:15:28','asistio',NULL,5),
  (27,40,'2026-01-24 08:59:02','asistio','El ponente fue muy claro y dinámico.',8),
  (35,209,'2026-01-11 11:40:01','asistio','Me encantó la actividad, la recomiendo.',7),
  (26,220,'2026-04-22 23:02:33','confirmado','Aprendí mucho, espero que se repita pronto.',2),
  (28,400,'2026-01-05 01:12:55','confirmado','Me encantó la actividad, la recomiendo.',5),
  (25,204,'2026-01-23 00:24:09','no_asistio','Aprendí mucho, espero que se repita pronto.',5),
  (48,109,'2026-01-26 05:49:13','asistio',NULL,5),
  (4,419,'2026-04-21 16:35:11','no_asistio','Aprendí mucho, espero que se repita pronto.',7),
  (41,434,'2026-05-05 13:48:35','pendiente','Me encantó la actividad, la recomiendo.',8),
  (17,149,'2026-01-11 03:15:19','confirmado',NULL,3),
  (22,153,'2026-03-02 15:55:42','pendiente',NULL,0),
  (14,120,'2026-04-06 19:46:07','confirmado','Aprendí mucho, espero que se repita pronto.',10),
  (24,232,'2026-01-05 19:52:03','asistio','Aprendí mucho, espero que se repita pronto.',4),
  (19,294,'2026-02-16 00:45:28','asistio','El ponente fue muy claro y dinámico.',6),
  (49,307,'2026-04-18 19:36:51','no_asistio','Muy buen espacio de networking.',8),
  (42,310,'2026-04-27 02:56:33','asistio','El ponente fue muy claro y dinámico.',8),
  (24,297,'2026-04-09 20:36:15','pendiente',NULL,9),
  (7,151,'2026-01-06 16:56:19','pendiente','El ponente fue muy claro y dinámico.',3),
  (7,95,'2026-02-27 09:49:09','no_asistio',NULL,9),
  (36,492,'2026-01-15 13:39:44','confirmado',NULL,2),
  (26,328,'2026-01-31 14:48:26','confirmado',NULL,2),
  (48,111,'2026-03-21 17:46:14','pendiente',NULL,10),
  (43,309,'2026-04-03 20:15:57','pendiente','Excelente evento, muy bien organizado.',4),
  (1,460,'2026-03-30 13:56:42','confirmado','El ponente fue muy claro y dinámico.',9),
  (40,223,'2026-03-29 00:35:51','pendiente',NULL,9),
  (49,184,'2026-05-20 21:09:27','asistio','Aprendí mucho, espero que se repita pronto.',8),
  (25,294,'2026-04-07 11:26:40','confirmado','Me encantó la actividad, la recomiendo.',0),
  (36,247,'2026-04-20 03:43:53','pendiente','Me encantó la actividad, la recomiendo.',8),
  (21,293,'2026-03-28 03:16:53','pendiente','Muy buen espacio de networking.',6),
  (35,77,'2026-03-03 18:50:49','asistio','Muy buen espacio de networking.',10),
  (3,438,'2026-01-08 05:30:48','pendiente','Excelente evento, muy bien organizado.',0),
  (43,437,'2026-05-12 13:38:25','no_asistio','Aprendí mucho, espero que se repita pronto.',0),
  (8,427,'2026-04-10 16:12:04','confirmado','Me encantó la actividad, la recomiendo.',9),
  (22,422,'2026-01-07 01:04:24','confirmado','Muy buen espacio de networking.',1),
  (19,323,'2026-01-19 23:20:03','no_asistio',NULL,2),
  (41,268,'2026-02-20 18:28:41','no_asistio','El ponente fue muy claro y dinámico.',0),
  (47,189,'2026-02-26 20:17:17','confirmado',NULL,7),
  (29,307,'2026-03-14 12:10:03','no_asistio','El ponente fue muy claro y dinámico.',6),
  (49,442,'2026-04-16 21:08:38','pendiente',NULL,0),
  (36,409,'2026-01-24 23:55:31','no_asistio',NULL,0),
  (11,290,'2026-01-18 08:01:25','asistio','Aprendí mucho, espero que se repita pronto.',3),
  (13,104,'2026-04-27 07:05:59','pendiente',NULL,5),
  (46,477,'2026-02-13 06:22:58','no_asistio','Aprendí mucho, espero que se repita pronto.',7),
  (35,475,'2026-01-21 14:00:13','pendiente','Aprendí mucho, espero que se repita pronto.',1),
  (39,84,'2026-01-01 12:07:14','no_asistio','Me encantó la actividad, la recomiendo.',8),
  (43,163,'2026-02-03 14:31:34','asistio',NULL,1),
  (13,112,'2026-04-25 02:57:42','asistio','Muy buen espacio de networking.',4),
  (38,26,'2026-02-13 18:20:03','pendiente',NULL,4),
  (33,23,'2026-01-25 13:17:18','confirmado','Me encantó la actividad, la recomiendo.',7),
  (14,350,'2026-03-06 03:25:30','confirmado','El ponente fue muy claro y dinámico.',7),
  (48,405,'2026-05-08 21:32:10','pendiente','Aprendí mucho, espero que se repita pronto.',0),
  (11,328,'2026-01-24 15:57:52','pendiente','Aprendí mucho, espero que se repita pronto.',10),
  (13,134,'2026-05-13 13:10:36','asistio',NULL,10),
  (39,225,'2026-03-01 13:55:52','pendiente','Me encantó la actividad, la recomiendo.',1),
  (33,91,'2026-05-20 21:20:26','confirmado',NULL,3),
  (37,385,'2026-04-26 23:01:31','no_asistio',NULL,10),
  (8,233,'2026-05-03 22:03:25','no_asistio','Me encantó la actividad, la recomiendo.',6),
  (34,400,'2026-02-07 00:23:48','confirmado',NULL,8),
  (10,44,'2026-02-13 05:14:40','asistio',NULL,10),
  (11,45,'2026-04-11 21:55:42','asistio','Excelente evento, muy bien organizado.',5),
  (35,230,'2026-01-27 21:16:25','pendiente','Aprendí mucho, espero que se repita pronto.',8),
  (42,395,'2026-02-14 02:36:08','asistio',NULL,7),
  (49,305,'2026-01-11 17:37:34','asistio','Me encantó la actividad, la recomiendo.',6),
  (40,312,'2026-05-19 09:50:34','confirmado','El ponente fue muy claro y dinámico.',2),
  (3,436,'2026-03-26 01:38:44','pendiente',NULL,9),
  (46,355,'2026-03-06 16:18:41','pendiente','Muy buen espacio de networking.',9),
  (22,434,'2026-05-12 17:40:04','confirmado','Muy buen espacio de networking.',5),
  (29,321,'2026-05-20 16:29:51','confirmado',NULL,1),
  (23,473,'2026-02-15 07:57:34','no_asistio',NULL,6),
  (31,101,'2026-05-19 21:11:01','no_asistio','Muy buen espacio de networking.',6),
  (50,40,'2026-01-17 23:40:42','no_asistio',NULL,9),
  (35,253,'2026-04-09 17:09:54','no_asistio',NULL,2),
  (9,164,'2026-05-13 18:12:31','confirmado',NULL,10),
  (34,1,'2026-04-13 20:11:43','pendiente',NULL,0),
  (45,138,'2026-01-08 21:57:55','asistio',NULL,6),
  (47,318,'2026-03-26 21:29:36','confirmado','Excelente evento, muy bien organizado.',10),
  (8,86,'2026-03-13 17:11:49','asistio',NULL,4),
  (17,94,'2026-05-15 12:29:37','no_asistio','Me encantó la actividad, la recomiendo.',2),
  (23,424,'2026-03-17 05:40:15','pendiente','Muy buen espacio de networking.',6),
  (15,444,'2026-02-19 17:57:59','confirmado',NULL,6),
  (11,134,'2026-01-21 21:43:58','asistio','El ponente fue muy claro y dinámico.',8),
  (49,173,'2026-05-04 05:58:21','no_asistio','El ponente fue muy claro y dinámico.',9),
  (11,207,'2026-02-26 22:14:21','asistio','Aprendí mucho, espero que se repita pronto.',3),
  (33,55,'2026-04-11 11:23:01','no_asistio','Muy buen espacio de networking.',6),
  (36,167,'2026-01-05 19:20:48','no_asistio','Muy buen espacio de networking.',4),
  (15,4,'2026-02-19 09:40:39','confirmado','Aprendí mucho, espero que se repita pronto.',1),
  (31,307,'2026-05-04 05:03:12','asistio','Me encantó la actividad, la recomiendo.',4),
  (3,45,'2026-04-04 06:25:19','confirmado',NULL,4),
  (30,56,'2026-03-25 10:12:06','pendiente','El ponente fue muy claro y dinámico.',5),
  (40,454,'2026-02-24 13:30:46','confirmado','Me encantó la actividad, la recomiendo.',6),
  (29,436,'2026-03-23 01:01:39','asistio','El ponente fue muy claro y dinámico.',10),
  (7,146,'2026-01-23 01:49:22','pendiente',NULL,6),
  (40,271,'2026-02-01 22:37:33','no_asistio','Excelente evento, muy bien organizado.',9),
  (47,428,'2026-02-03 15:00:17','asistio','El ponente fue muy claro y dinámico.',3),
  (33,270,'2026-03-31 12:10:56','pendiente',NULL,8),
  (50,220,'2026-04-17 01:20:55','no_asistio',NULL,8),
  (29,144,'2026-03-18 05:08:31','asistio',NULL,10),
  (18,278,'2026-03-28 23:37:27','asistio',NULL,9),
  (19,92,'2026-05-09 04:19:39','confirmado','Aprendí mucho, espero que se repita pronto.',6),
  (22,14,'2026-02-04 00:56:02','confirmado','El ponente fue muy claro y dinámico.',4),
  (24,328,'2026-02-28 18:41:56','pendiente','Aprendí mucho, espero que se repita pronto.',3),
  (9,330,'2026-01-30 10:55:20','confirmado','Me encantó la actividad, la recomiendo.',0),
  (21,175,'2026-05-04 01:33:13','no_asistio','El ponente fue muy claro y dinámico.',10),
  (20,146,'2026-05-14 16:39:24','no_asistio',NULL,2),
  (32,494,'2026-02-26 13:28:57','no_asistio','Muy buen espacio de networking.',10),
  (48,4,'2026-02-03 11:54:32','pendiente',NULL,4),
  (14,487,'2026-01-18 16:13:51','pendiente','Aprendí mucho, espero que se repita pronto.',2),
  (13,429,'2026-01-17 04:12:38','pendiente','Excelente evento, muy bien organizado.',10),
  (20,320,'2026-01-24 01:24:47','confirmado','Aprendí mucho, espero que se repita pronto.',8),
  (16,213,'2026-03-09 15:10:13','no_asistio',NULL,0),
  (35,85,'2026-05-01 12:33:45','confirmado',NULL,2),
  (12,461,'2026-03-31 15:29:20','asistio',NULL,8),
  (41,137,'2026-05-04 04:24:09','confirmado',NULL,2),
  (40,47,'2026-05-11 21:47:29','no_asistio','Me encantó la actividad, la recomiendo.',1),
  (26,28,'2026-05-21 05:45:28','confirmado',NULL,2),
  (5,235,'2026-02-25 06:28:50','pendiente','El ponente fue muy claro y dinámico.',0),
  (21,94,'2026-02-14 04:36:36','pendiente',NULL,2),
  (7,376,'2026-04-20 10:42:54','confirmado','Muy buen espacio de networking.',3),
  (36,282,'2026-02-06 07:57:10','asistio',NULL,3),
  (37,439,'2026-05-19 06:20:35','asistio','Muy buen espacio de networking.',6),
  (8,251,'2026-04-29 23:47:56','no_asistio','Me encantó la actividad, la recomiendo.',2),
  (26,149,'2026-03-05 00:36:21','asistio','Muy buen espacio de networking.',9),
  (50,256,'2026-01-30 05:57:28','no_asistio','Excelente evento, muy bien organizado.',2),
  (37,90,'2026-04-23 02:10:03','asistio','Me encantó la actividad, la recomiendo.',10),
  (39,240,'2026-05-15 15:46:07','pendiente',NULL,5),
  (9,297,'2026-05-13 07:08:09','confirmado','Aprendí mucho, espero que se repita pronto.',2),
  (24,204,'2026-01-14 17:12:11','confirmado','Excelente evento, muy bien organizado.',4),
  (49,284,'2026-05-06 19:51:43','no_asistio',NULL,5),
  (44,108,'2026-04-06 21:32:22','pendiente','Me encantó la actividad, la recomiendo.',10),
  (35,202,'2026-01-16 01:12:01','asistio','Muy buen espacio de networking.',3),
  (25,331,'2026-01-21 18:54:50','asistio','Aprendí mucho, espero que se repita pronto.',7),
  (5,178,'2026-02-11 06:55:46','confirmado','Excelente evento, muy bien organizado.',2),
  (42,296,'2026-02-12 23:37:47','asistio','Excelente evento, muy bien organizado.',1),
  (20,102,'2026-05-03 08:41:55','pendiente','Excelente evento, muy bien organizado.',9),
  (13,467,'2026-01-02 18:26:30','confirmado','Me encantó la actividad, la recomiendo.',10),
  (38,256,'2026-01-24 19:07:09','no_asistio','Excelente evento, muy bien organizado.',10),
  (10,375,'2026-02-08 03:13:10','confirmado',NULL,6),
  (30,386,'2026-02-05 01:07:38','confirmado','Aprendí mucho, espero que se repita pronto.',1),
  (25,207,'2026-01-27 04:58:11','confirmado','Aprendí mucho, espero que se repita pronto.',9),
  (47,17,'2026-04-25 04:46:21','no_asistio','Me encantó la actividad, la recomiendo.',3),
  (40,383,'2026-02-24 01:18:36','pendiente',NULL,6),
  (22,107,'2026-05-18 00:42:11','no_asistio','Muy buen espacio de networking.',8),
  (7,77,'2026-03-14 05:06:05','asistio','Excelente evento, muy bien organizado.',8),
  (44,203,'2026-05-15 04:59:21','confirmado',NULL,2),
  (10,306,'2026-03-15 12:08:01','pendiente',NULL,5),
  (47,195,'2026-01-17 23:47:41','confirmado','Me encantó la actividad, la recomiendo.',10),
  (37,306,'2026-03-30 04:49:44','no_asistio','Excelente evento, muy bien organizado.',1),
  (15,497,'2026-04-27 03:09:17','pendiente',NULL,5),
  (36,168,'2026-05-19 11:24:19','pendiente','Me encantó la actividad, la recomiendo.',0),
  (17,483,'2026-01-20 23:49:09','confirmado','El ponente fue muy claro y dinámico.',7),
  (4,217,'2026-02-01 11:39:10','no_asistio','Me encantó la actividad, la recomiendo.',8),
  (32,143,'2026-01-16 05:38:39','confirmado',NULL,1),
  (28,219,'2026-01-06 13:14:08','pendiente','Muy buen espacio de networking.',8),
  (42,484,'2026-01-28 10:20:16','pendiente','Excelente evento, muy bien organizado.',3),
  (45,364,'2026-03-15 01:15:03','confirmado','Excelente evento, muy bien organizado.',9),
  (24,465,'2026-04-14 15:36:58','no_asistio',NULL,6),
  (20,319,'2026-01-17 11:28:37','asistio',NULL,4),
  (28,432,'2026-02-14 07:16:30','confirmado','El ponente fue muy claro y dinámico.',4),
  (30,223,'2026-01-01 03:02:35','confirmado','Aprendí mucho, espero que se repita pronto.',8),
  (8,20,'2026-02-23 00:51:58','no_asistio','Me encantó la actividad, la recomiendo.',1),
  (29,205,'2026-03-12 02:31:10','no_asistio','Excelente evento, muy bien organizado.',8),
  (1,265,'2026-01-25 23:42:23','no_asistio','Aprendí mucho, espero que se repita pronto.',2),
  (38,16,'2026-01-28 10:45:03','no_asistio','Aprendí mucho, espero que se repita pronto.',3),
  (33,22,'2026-04-15 14:06:15','confirmado',NULL,3),
  (22,41,'2026-01-13 09:23:33','asistio',NULL,4),
  (13,411,'2026-04-13 05:07:45','pendiente','Excelente evento, muy bien organizado.',0),
  (37,223,'2026-02-16 11:34:55','asistio',NULL,6);

COMMIT;
